"scheme_id","scheme_name","category","level","state_ut","question","answer"
"SC-CEN-001","Post-Matric Scholarship for Scheduled Caste Students","SC","Central","All India (all States/UTs)","What is Post-Matric Scholarship for Scheduled Caste Students (PMS-SC)?","Post-Matric Scholarship for Scheduled Caste Students is a SC scheme of Ministry of Social Justice and Empowerment (Department of Social Justice & Empowerment), implemented at the central level in All India (all States/UTs). Type: Centrally Sponsored Scheme. Launched: 1944 (pre-independence scheme, revised many times). Status: Active. It aims to help Scheduled Caste students studying after Class 10 (Class 11 to PhD, including professional, technical and vocational courses). Benefit: Reimbursement of all compulsory non-refundable fees (tuition, admission, exam, etc.) charged by the institution plus a monthly maintenance allowance. Also covers study tour charges (up to Rs 1,600 p.a.), thesis typing/printing (up to Rs 1,600 for PhD), book grant, and coaching for competitive exams for courses of less than one year; paid by DBT into Aadhaar-linked bank account"
"SC-CEN-001","Post-Matric Scholarship for Scheduled Caste Students","SC","Central","All India (all States/UTs)","Who is eligible for Post-Matric Scholarship for Scheduled Caste Students?","Target group: Scheduled Caste students studying after Class 10 (Class 11 to PhD, including professional, technical and vocational courses). Beneficiary type: Student. Age: No specific age limit. Income limit: Family annual income up to Rs 2,50,000 from all sources. Other conditions: Student must belong to a Scheduled Caste; must be enrolled in a recognised post-matriculation course (Class 11/12, ITI, polytechnic, diploma, UG, PG, professional degree) in a government-recognised institution in India; scholarship is payable only for the prescribed duration of the course; student must not hold any other centrally funded scholarship for the same period Not eligible: Students who fail to promote to the next class lose the scholarship; only two members of a family can get this (and other such) scholarships simultaneously; distance/correspondence courses allowed only if the institution is recognised and there is no regular course available; income certificate and caste certificate from competent authority are mandatory"
"SC-CEN-001","Post-Matric Scholarship for Scheduled Caste Students","SC","Central","All India (all States/UTs)","What benefits/amount does Post-Matric Scholarship for Scheduled Caste Students give?","Reimbursement of all compulsory non-refundable fees (tuition, admission, exam, etc.) charged by the institution plus a monthly maintenance allowance. Also covers study tour charges (up to Rs 1,600 p.a.), thesis typing/printing (up to Rs 1,600 for PhD), book grant, and coaching for competitive exams for courses of less than one year; paid by DBT into Aadhaar-linked bank account Headline value: Maintenance allowance (per month): Group-1 courses (Medicine/Engineering/Agriculture degree, MBA/MCA/LLB) hosteller Rs 1,200 (day scholar Rs 550); Group-2 (Pharmacy, Nursing, B.Ed., Mass Comm., etc.) hosteller Rs 820 (day scholar Rs 530); Group-3 (BA/BSc/BCom general, BBA, BCA) hosteller Rs 570 (day scholar Rs 300); Group-4 (Class 11-12, ITI, polytechnic, vocational) hosteller Rs 380 (day scholar Rs 230). Full compulsory fees paid Funding pattern: Centrally Sponsored - 60:40 Centre:State for most States; 90:10 for North-Eastern and Himalayan States (100% central for UTs without legislature)."
"SC-CEN-001","Post-Matric Scholarship for Scheduled Caste Students","SC","Central","All India (all States/UTs)","How do I apply for Post-Matric Scholarship for Scheduled Caste Students?","Application mode: Online only through the National Scholarship Portal (state schemes may also run on state portals). Portal: National Scholarship Portal - scholarships.gov.in. Documents needed: Caste certificate from competent authority; income certificate (family income up to Rs 2.5 lakh); Class 10/previous exam marksheet; Aadhaar; Aadhaar-seeded bank account in student's name; admission/fee receipt; bonafide certificate; institute verification; passport-size photo. Helpline: NSP helpline 0120-6619540 (helpdesk@nsp.gov.in); State social welfare/welfare department helplines."
"SC-CEN-001","Post-Matric Scholarship for Scheduled Caste Students","SC","Central","All India (all States/UTs)","What happened to Post-Matric Scholarship for Scheduled Caste Students - is it still running?","Status: Active. Earlier scheme(s): Pre-independence post-matric scholarship for Scheduled Castes; guidelines revised 2016, 2019 and 2024. Now replaced/continued by: Not specified. Active period: Continuous; major revivals FY 2016-17, 2017-18, 2019-20 and 2024-25 onward. Income ceiling raised from Rs 1 lakh to Rs 2.5 lakh (2019); maintenance rates revised upward; Aadhaar payment-bridge mandatory; Ministry has pressed States to clear arrears of scholarship dues to institutions since 2024-25"
"SC-CEN-001","Post-Matric Scholarship for Scheduled Caste Students","SC","Central","All India (all States/UTs)","What are the latest changes in Post-Matric Scholarship for Scheduled Caste Students?","Income ceiling raised from Rs 1 lakh to Rs 2.5 lakh (2019); maintenance rates revised upward; Aadhaar payment-bridge mandatory; Ministry has pressed States to clear arrears of scholarship dues to institutions since 2024-25 (Last verified: 2026-09-23, confidence: High.)"
"SC-CEN-002","Pre-Matric Scholarship for Scheduled Caste Students studying in Classes IX and X","SC","Central","All India (all States/UTs)","What is Pre-Matric Scholarship for Scheduled Caste Students studying in Classes IX and X (Pre-Matric SC (IX-X))?","Pre-Matric Scholarship for Scheduled Caste Students studying in Classes IX and X is a SC scheme of Ministry of Social Justice and Empowerment, implemented at the central level in All India (all States/UTs). Type: Centrally Sponsored Scheme. Launched: Post-independence central scheme; current design from 2012-13, rates revised in 2019-20. Status: Active. It aims to help SC students studying in Class IX and X. Benefit: Monthly scholarship to reduce drop-out between upper primary and secondary stage and to help SC students reach the post-matric stage, credited by DBT"
"SC-CEN-002","Pre-Matric Scholarship for Scheduled Caste Students studying in Classes IX and X","SC","Central","All India (all States/UTs)","Who is eligible for Pre-Matric Scholarship for Scheduled Caste Students studying in Classes IX and X?","Target group: SC students studying in Class IX and X. Beneficiary type: Student. Age: Not specified in the scheme guidelines. Income limit: Parental/guardian annual income up to Rs 2,50,000. Other conditions: SC student studying in government, government-aided or recognised private school in Class 9 or 10; must appear for the prescribed annual examination; attendance and promotion norms apply Not eligible: Not for students in other classes; can be combined with other scholarships subject to ceiling rules; requires income certificate"
"SC-CEN-002","Pre-Matric Scholarship for Scheduled Caste Students studying in Classes IX and X","SC","Central","All India (all States/UTs)","What benefits/amount does Pre-Matric Scholarship for Scheduled Caste Students studying in Classes IX and X give?","Monthly scholarship to reduce drop-out between upper primary and secondary stage and to help SC students reach the post-matric stage, credited by DBT Headline value: Day scholars Rs 225 per month and hostellers Rs 525 per month (for 10 months in a year) as per revised central norms; some States top up the amount Funding pattern: Centrally Sponsored - 60:40 (90:10 for NE and Himalayan States)."
"SC-CEN-002","Pre-Matric Scholarship for Scheduled Caste Students studying in Classes IX and X","SC","Central","All India (all States/UTs)","How do I apply for Pre-Matric Scholarship for Scheduled Caste Students studying in Classes IX and X?","Application mode: Online through National Scholarship Portal; school verification compulsory. Portal: scholarships.gov.in. Documents needed: Caste certificate; income certificate; Aadhaar; bank account of student; admission proof; class promotion certificate; photo. Helpline: NSP helpline 0120-6619540."
"SC-CEN-002","Pre-Matric Scholarship for Scheduled Caste Students studying in Classes IX and X","SC","Central","All India (all States/UTs)","What are the latest changes in Pre-Matric Scholarship for Scheduled Caste Students studying in Classes IX and X?","Rate revision 2019 (day scholar Rs 225, hosteller Rs 525); income ceiling Rs 2.5 lakh; States advised to pay in one or two instalments per year (Last verified: 2026-09-23, confidence: High.)"
"SC-CEN-003","Pre-Matric Scholarship for Children of those engaged in occupations involving cleaning and prone to health hazards","SC","Central","All India","What is Pre-Matric Scholarship for Children of those engaged in occupations involving cleaning and prone to health hazards (Pre-Matric (Unclean Occupations))?","Pre-Matric Scholarship for Children of those engaged in occupations involving cleaning and prone to health hazards is a SC scheme of Ministry of Social Justice and Empowerment, implemented at the central level in All India. Type: Centrally Sponsored Scheme. Launched: Long-running scheme; revised guidelines from 2012-13 and revised rates 2019-20. Status: Active. It aims to help Children of persons engaged in unclean/health-hazardous occupations notified under the Prohibition of Employment as Manual Scavengers and their Rehabilitation Act, 2013 (tanners, flayers, waste pickers, sewer and septic tank cleaners, etc.) - open to all castes/religions. Benefit: Monthly scholarship for Classes I-X plus ad-hoc grant for books, uniforms and stationery to enable children of sanitation workers to complete school"
"SC-CEN-003","Pre-Matric Scholarship for Children of those engaged in occupations involving cleaning and prone to health hazards","SC","Central","All India","Who is eligible for Pre-Matric Scholarship for Children of those engaged in occupations involving cleaning and prone to health hazards?","Target group: Children of persons engaged in unclean/health-hazardous occupations notified under the Prohibition of Employment as Manual Scavengers and their Rehabilitation Act, 2013 (tanners, flayers, waste pickers, sewer and septic tank cleaners, etc.) - open to all castes/religions. Beneficiary type: Student. Age: Students of Classes I to X. Income limit: No income limit (occupation-based eligibility). Other conditions: Parent/guardian must be engaged in a notified unclean occupation as per the 2013 Act; child studying in Class I to X in a recognised school; application with occupation certificate Not eligible: Not applicable to children whose parents are not in the notified occupations; cannot draw two scholarships of the same nature"
"SC-CEN-003","Pre-Matric Scholarship for Children of those engaged in occupations involving cleaning and prone to health hazards","SC","Central","All India","What benefits/amount does Pre-Matric Scholarship for Children of those engaged in occupations involving cleaning and prone to health hazards give?","Monthly scholarship for Classes I-X plus ad-hoc grant for books, uniforms and stationery to enable children of sanitation workers to complete school Headline value: Approximately Rs 110-700 per month depending on class and day-scholar/hosteller status, plus an ad-hoc annual grant (about Rs 750-1,250) for books and stationery; amounts revised periodically - confirm current rates on NSP Funding pattern: Centrally Sponsored - 60:40 (90:10 NE and Himalayan States)."
"SC-CEN-003","Pre-Matric Scholarship for Children of those engaged in occupations involving cleaning and prone to health hazards","SC","Central","All India","How do I apply for Pre-Matric Scholarship for Children of those engaged in occupations involving cleaning and prone to health hazards?","Application mode: Online through National Scholarship Portal. Portal: scholarships.gov.in. Documents needed: Occupation certificate of parent/guardian (from local body); Aadhaar; bank account; admission proof; school certificate; photo. Helpline: NSP helpline 0120-6619540."
"SC-CEN-003","Pre-Matric Scholarship for Children of those engaged in occupations involving cleaning and prone to health hazards","SC","Central","All India","What are the latest changes in Pre-Matric Scholarship for Children of those engaged in occupations involving cleaning and prone to health hazards?","Occupations list aligned with the Prohibition of Employment as Manual Scavengers Act 2013; NAMASTE (2022) now also supports such families (Last verified: 2026-09-23, confidence: Medium.)"
"SC-CEN-004","Central Sector Scheme of Top Class Education for Scheduled Caste Students","SC","Central","All India","What is Central Sector Scheme of Top Class Education for Scheduled Caste Students (TCES-SC)?","Central Sector Scheme of Top Class Education for Scheduled Caste Students is a SC scheme of Ministry of Social Justice and Empowerment, implemented at the central level in All India. Type: Central Sector Scheme (100% central funding). Launched: 2007-08 (revised guidelines 2021 and after). Status: Active. It aims to help Meritorious SC students admitted to premier Indian institutes (IITs, IIMs, NITs, AIIMS, NLUs, IISERs and other institutions identified by the Ministry). Benefit: Full tuition and non-refundable fees, living expenses for the entire course duration, plus annual book grant and one-time computer purchase assistance"
"SC-CEN-004","Central Sector Scheme of Top Class Education for Scheduled Caste Students","SC","Central","All India","Who is eligible for Central Sector Scheme of Top Class Education for Scheduled Caste Students?","Target group: Meritorious SC students admitted to premier Indian institutes (IITs, IIMs, NITs, AIIMS, NLUs, IISERs and other institutions identified by the Ministry). Beneficiary type: Student. Age: Not specified in the scheme guidelines. Income limit: Family annual income up to Rs 8,00,000 (earlier Rs 6,00,000). Other conditions: SC student who secured admission to a notified premier institute for a full-time prescribed degree/diploma course; must not have availed any other scholarship for the same purpose Not eligible: Only notified institutes and courses are covered; benefits are not available for correspondence/distance courses"
"SC-CEN-004","Central Sector Scheme of Top Class Education for Scheduled Caste Students","SC","Central","All India","What benefits/amount does Central Sector Scheme of Top Class Education for Scheduled Caste Students give?","Full tuition and non-refundable fees, living expenses for the entire course duration, plus annual book grant and one-time computer purchase assistance Headline value: Full tuition/non-refundable fees; living allowance about Rs 2,220 per month for hostellers (about Rs 1,110 per month for day scholars); book/stationery grant about Rs 3,000 per year; one-time computer purchase assistance about Rs 45,000 - confirm current rates with the Ministry/institute Funding pattern: 100% Central (Central Sector Scheme)."
"SC-CEN-004","Central Sector Scheme of Top Class Education for Scheduled Caste Students","SC","Central","All India","How do I apply for Central Sector Scheme of Top Class Education for Scheduled Caste Students?","Application mode: Online application to the Ministry's portal/institute nodal officer after admission; institute certification. Portal: scholarships.gov.in (NSP) / Ministry of Social Justice & Empowerment Top Class Education portal. Documents needed: Caste certificate; income certificate; admission letter of premier institute; fee receipt; Aadhaar and bank details; Class 12 marksheet; institute endorsement. Helpline: Ministry of Social Justice & Empowerment, New Delhi."
"SC-CEN-004","Central Sector Scheme of Top Class Education for Scheduled Caste Students","SC","Central","All India","What are the latest changes in Central Sector Scheme of Top Class Education for Scheduled Caste Students?","Income ceiling raised to Rs 8 lakh; institute list expanded; payments routed through the institute to avoid delays (Last verified: 2026-09-23, confidence: Medium.)"
"SC-CEN-005","National Overseas Scholarship for Scheduled Castes, DNTs and landless agricultural labourers/traditional artisans","SC","Central","All India","What is National Overseas Scholarship for Scheduled Castes, DNTs and landless agricultural labourers/traditional artisans (NOS-SC)?","National Overseas Scholarship for Scheduled Castes, DNTs and landless agricultural labourers/traditional artisans is a SC scheme of Ministry of Social Justice and Empowerment, implemented at the central level in All India. Type: Central Sector Scheme. Launched: 1954 as overseas scholarship for SC (present design from 2000s; guidelines revised 2019 and later). Status: Active. It aims to help SC and DNT students and students from families of landless agricultural labourers and traditional artisans. Benefit: Full tuition fees, annual maintenance allowance, airfare, visa fees, medical insurance and contingency grant for study abroad"
"SC-CEN-005","National Overseas Scholarship for Scheduled Castes, DNTs and landless agricultural labourers/traditional artisans","SC","Central","All India","Who is eligible for National Overseas Scholarship for Scheduled Castes, DNTs and landless agricultural labourers/traditional artisans?","Target group: SC and DNT students and students from families of landless agricultural labourers and traditional artisans. Beneficiary type: Student. Age: Below 35 years (and below 40 years for PhD). Income limit: Family annual income up to Rs 8,00,000. Other conditions: At least 60% marks in the qualifying degree; admission to a Master's/PhD/post-doctoral course in a university abroad (QS top-500 universities prioritised); must give an undertaking to return to India after course completion Not eligible: Only one child per family can get the award; the award is not for undergraduate courses; scholars must return to India within 30 days of completing the course"
"SC-CEN-005","National Overseas Scholarship for Scheduled Castes, DNTs and landless agricultural labourers/traditional artisans","SC","Central","All India","What benefits/amount does National Overseas Scholarship for Scheduled Castes, DNTs and landless agricultural labourers/traditional artisans give?","Full tuition fees, annual maintenance allowance, airfare, visa fees, medical insurance and contingency grant for study abroad Headline value: 125 awards per year (115 SC, 6 DNT, 4 landless agricultural labourers/traditional artisans); 30% of slots reserved for women; maintenance allowance USD 15,400 per year (GBP 9,900 per year for UK) plus full tuition and other grants - confirm current currency rates and ceilings Funding pattern: 100% Central (Central Sector Scheme)."
"SC-CEN-005","National Overseas Scholarship for Scheduled Castes, DNTs and landless agricultural labourers/traditional artisans","SC","Central","All India","How do I apply for National Overseas Scholarship for Scheduled Castes, DNTs and landless agricultural labourers/traditional artisans?","Application mode: Online application on the dedicated NOS portal. Portal: nosmsje.gov.in. Documents needed: Caste certificate; income certificate from Revenue Officer (not below Tehsildar); degree marksheets; unconditional admission offer letter; valid language-test score; passport; bank details. Helpline: Overseas Scholarship Cell, Ministry of Social Justice & Empowerment, New Delhi."
"SC-CEN-005","National Overseas Scholarship for Scheduled Castes, DNTs and landless agricultural labourers/traditional artisans","SC","Central","All India","What are the latest changes in National Overseas Scholarship for Scheduled Castes, DNTs and landless agricultural labourers/traditional artisans?","Selection cycle opened for 2025-26 with 125 slots; provisional selection lists published on the portal; majority of awards now to STEM and professional courses (Last verified: 2026-09-23, confidence: High.)"
"SC-CEN-006","National Fellowship for Scheduled Caste Students","SC","Central","All India","What is National Fellowship for Scheduled Caste Students (NFSC)?","National Fellowship for Scheduled Caste Students is a SC scheme of Ministry of Social Justice and Empowerment (with UGC as implementing agency), implemented at the central level in All India. Type: Central Sector Scheme. Launched: 2005-06 as Rajiv Gandhi National Fellowship; renamed and revamped in 2012-13 and again 2019-20. Status: Active. It aims to help SC students pursuing MPhil/PhD in Indian universities and institutions. Benefit: Monthly fellowship for MPhil (limited period) and PhD (full duration), plus HRA/hostel allowance and contingency/annual grant for research expenses; DBT-based"
"SC-CEN-006","National Fellowship for Scheduled Caste Students","SC","Central","All India","Who is eligible for National Fellowship for Scheduled Caste Students?","Target group: SC students pursuing MPhil/PhD in Indian universities and institutions. Beneficiary type: Student. Age: As per UGC norms for MPhil/PhD admission. Income limit: No income limit, but the candidate should not be employed/ receiving other fellowship during the course. Other conditions: SC candidates who have registered for MPhil/PhD in a UGC-recognised university/institution; selection on the basis of merit in the qualifying Post-Graduate degree Not eligible: Candidates already receiving another fellowship or salary are not eligible for the same period; fellowship lapses on failure to submit progress reports"
"SC-CEN-006","National Fellowship for Scheduled Caste Students","SC","Central","All India","What benefits/amount does National Fellowship for Scheduled Caste Students give?","Monthly fellowship for MPhil (limited period) and PhD (full duration), plus HRA/hostel allowance and contingency/annual grant for research expenses; DBT-based Headline value: Fellowship as per UGC rates (about Rs 37,000 per month in the initial two years as JRF and about Rs 42,000 per month thereafter for PhD) plus HRA and contingency grant of about Rs 12,000-25,000 per year; about 2,000 fellowships offered per year for SC students Funding pattern: 100% Central."
"SC-CEN-006","National Fellowship for Scheduled Caste Students","SC","Central","All India","How do I apply for National Fellowship for Scheduled Caste Students?","Application mode: Online through the National Fellowship portal (UGC/Social Justice & Empowerment). Portal: nfsc.gov.in / scholarships.gov.in / UGC portal. Documents needed: Caste certificate; PG degree marksheet; PhD/MPhil registration proof; bank details; undertaking; guide/university endorsement. Helpline: UGC helpdesk; Ministry of Social Justice & Empowerment fellowship desk."
"SC-CEN-006","National Fellowship for Scheduled Caste Students","SC","Central","All India","What happened to National Fellowship for Scheduled Caste Students - is it still running?","Status: Active. Earlier scheme(s): Rajiv Gandhi National Fellowship for SC Students (2005-06). Now replaced/continued by: Not specified. Active period: Continuous. Fellowship rates revised in line with UGC revision; slots increased to about 2,000 per year; digital onboarding through DBT"
"SC-CEN-006","National Fellowship for Scheduled Caste Students","SC","Central","All India","What are the latest changes in National Fellowship for Scheduled Caste Students?","Fellowship rates revised in line with UGC revision; slots increased to about 2,000 per year; digital onboarding through DBT (Last verified: 2026-09-23, confidence: Medium.)"
"SC-CEN-007","Scheme for Residential Education for Students in High Schools in Targeted Areas","SC","Central","All India","What is Scheme for Residential Education for Students in High Schools in Targeted Areas (SHRESHTA)?","Scheme for Residential Education for Students in High Schools in Targeted Areas is a SC scheme of Ministry of Social Justice and Empowerment, implemented at the central level in All India. Type: Central Sector Scheme (formerly grant-in-aid scheme). Launched: 2021-22 (renamed from the scheme of grant-in-aid to voluntary organisations working for SCs, which dates back to the 1950s-60s). Status: Active. It aims to help SC students in Class 9 and Class 11 in service-deficient SC-dominant areas and aspirational districts. Benefit: Free high-quality residential education - full tuition, boarding and lodging, books, uniforms and other expenses in top CBSE residential schools, for the entire school course"
"SC-CEN-007","Scheme for Residential Education for Students in High Schools in Targeted Areas","SC","Central","All India","Who is eligible for Scheme for Residential Education for Students in High Schools in Targeted Areas?","Target group: SC students in Class 9 and Class 11 in service-deficient SC-dominant areas and aspirational districts. Beneficiary type: Student. Age: Age appropriate for Class 9 / Class 11 admission. Income limit: Annual family income limit as prescribed in SHRESHTA guidelines (generally up to Rs 2.5 lakh per annum - confirm current norms). Other conditions: SC student studying in government/government-aided school; selection through the SHRESHTA Selection Test conducted by NTA (Mode-1); merit-based admission to top residential high schools Not eligible: Available only for Class 9 and Class 11 entry points; students must stay in the residential school and maintain academic progress"
"SC-CEN-007","Scheme for Residential Education for Students in High Schools in Targeted Areas","SC","Central","All India","What benefits/amount does Scheme for Residential Education for Students in High Schools in Targeted Areas give?","Free high-quality residential education - full tuition, boarding and lodging, books, uniforms and other expenses in top CBSE residential schools, for the entire school course Headline value: Full cost of education including tuition, food, lodging and books; about 2,200 SC students selected per year in Mode-1 across States/UTs Funding pattern: 100% Central."
"SC-CEN-007","Scheme for Residential Education for Students in High Schools in Targeted Areas","SC","Central","All India","How do I apply for Scheme for Residential Education for Students in High Schools in Targeted Areas?","Application mode: Online registration for the SHRESHTA Selection Test (NTA), then Merit-based counselling for school allotment. Portal: shreshta.nta.ac.in / socialjustice.gov.in. Documents needed: Caste certificate; income certificate; Class 8/Class 10 marksheet and school certificate; Aadhaar; bank details; photograph; school/government verification. Helpline: NTA SHRESHTA helpdesk; Ministry of Social Justice & Empowerment."
"SC-CEN-007","Scheme for Residential Education for Students in High Schools in Targeted Areas","SC","Central","All India","What happened to Scheme for Residential Education for Students in High Schools in Targeted Areas - is it still running?","Status: Active. Earlier scheme(s): Scheme of Grant-in-Aid to Voluntary Organisations working for Scheduled Castes. Now replaced/continued by: Not specified. Active period: 2021-22 onwards (extended in 15th Finance Commission period). Selection test conducted yearly by NTA; Mode-2 (NGO-run schools) funded through the e-Anudaan portal; seats and participating schools expanded since 2023"
"SC-CEN-007","Scheme for Residential Education for Students in High Schools in Targeted Areas","SC","Central","All India","What are the latest changes in Scheme for Residential Education for Students in High Schools in Targeted Areas?","Selection test conducted yearly by NTA; Mode-2 (NGO-run schools) funded through the e-Anudaan portal; seats and participating schools expanded since 2023 (Last verified: 2026-09-23, confidence: High.)"
"SC-CEN-008","Free Coaching Scheme for Scheduled Caste and Other Backward Class Students","SC","Central","All India","What is Free Coaching Scheme for Scheduled Caste and Other Backward Class Students (Free Coaching SC/OBC)?","Free Coaching Scheme for Scheduled Caste and Other Backward Class Students is a SC scheme of Ministry of Social Justice and Empowerment, implemented at the central level in All India. Type: Central Sector Scheme. Launched: 2009-10 (guidelines revised 2016 and 2021). Status: Active. It aims to help Economically disadvantaged SC and OBC students preparing for competitive examinations and professional courses. Benefit: Free coaching (up to 12 months) by empanelled institutes, free study material, and a monthly stipend for out-of-pocket expenses for SC/OBC students attending coaching"
"SC-CEN-008","Free Coaching Scheme for Scheduled Caste and Other Backward Class Students","SC","Central","All India","Who is eligible for Free Coaching Scheme for Scheduled Caste and Other Backward Class Students?","Target group: Economically disadvantaged SC and OBC students preparing for competitive examinations and professional courses. Beneficiary type: Student. Age: Not specified in the scheme guidelines. Income limit: Family annual income up to Rs 8,00,000 for SC/OBC applicants (verify latest ceiling). Other conditions: SC/OBC candidate whose family income is within the limit; should be preparing for exams such as civil services, SSC, banking, railways, State PSC, CLAT, JEE, NEET etc.; coaching through empanelled institutes for a maximum of one course/attempt slot Not eligible: Only a limited number of slots per family/beneficiary; students already getting similar coaching under another government scheme may not be eligible to repeat"
"SC-CEN-008","Free Coaching Scheme for Scheduled Caste and Other Backward Class Students","SC","Central","All India","What benefits/amount does Free Coaching Scheme for Scheduled Caste and Other Backward Class Students give?","Free coaching (up to 12 months) by empanelled institutes, free study material, and a monthly stipend for out-of-pocket expenses for SC/OBC students attending coaching Headline value: 100% cost of coaching paid to the institute (normally up to Rs 40,000-60,000 per course) plus monthly stipend of about Rs 3,000 for outstation candidates; about 3,000+ SC/OBC students per year Funding pattern: 100% Central."
"SC-CEN-008","Free Coaching Scheme for Scheduled Caste and Other Backward Class Students","SC","Central","All India","How do I apply for Free Coaching Scheme for Scheduled Caste and Other Backward Class Students?","Application mode: Online application on the Ministry/NSP portal, allotment to empanelled institute. Portal: scholarships.gov.in / socialjustice.gov.in (e-Anudaan). Documents needed: Caste certificate; income certificate; educational qualification proof; Aadhaar; bank account of student; admission/test details of target examination. Helpline: Ministry of Social Justice & Empowerment coaching cell."
"SC-CEN-008","Free Coaching Scheme for Scheduled Caste and Other Backward Class Students","SC","Central","All India","What are the latest changes in Free Coaching Scheme for Scheduled Caste and Other Backward Class Students?","Income ceiling raised to Rs 8 lakh; list of covered examinations expanded; allocations increased in the last three Union Budgets (Last verified: 2026-09-23, confidence: Medium.)"
"SC-CEN-009","Pradhan Mantri Anusuchit Jaati Abhyuday Yojana","SC","Central","All India (villages and institutions)","What is Pradhan Mantri Anusuchit Jaati Abhyuday Yojana (PM-AJAY)?","Pradhan Mantri Anusuchit Jaati Abhyuday Yojana is a SC scheme of Ministry of Social Justice and Empowerment, implemented at the central level in All India (villages and institutions). Type: Centrally Sponsored Scheme (100% central assistance to States/UTs). Launched: FY 2021-22 (merged three older schemes). Status: Active. It aims to help SC families living below the poverty line; SC-majority villages; SC students needing hostels in top institutions. Benefit: Integrated development of SC-dominant villages (drinking water, sanitation, education, health, roads, livelihood); grants for livelihood and skill projects for BPL SC families; financial support of up to Rs 50,000 or 50% of asset cost (whichever is less) per beneficiary for livelihood assets; hostel construction in top institutions"
"SC-CEN-009","Pradhan Mantri Anusuchit Jaati Abhyuday Yojana","SC","Central","All India (villages and institutions)","Who is eligible for Pradhan Mantri Anusuchit Jaati Abhyuday Yojana?","Target group: SC families living below the poverty line; SC-majority villages; SC students needing hostels in top institutions. Beneficiary type: Family; Village; Institution. Age: Not specified in the scheme guidelines. Income limit: Income Generating and Skill Development components - SC families below the poverty line; infrastructure component - SC-majority villages. Other conditions: Three components: (1) Adarsh Gram - villages with more than 40% SC population and total population of 500 or more; (2) Grants-in-aid for district/State-level projects including infrastructure in villages with 50% or more SC population and Comprehensive Livelihood Projects; (3) Construction/repair of hostels in institutions funded by Central/State/UT Governments and ranked under NIRF Not eligible: Villages and beneficiaries must be selected through the State/District Annual Action Plan on the PM-AJAY portal; projects outside the approved plan are not eligible"
"SC-CEN-009","Pradhan Mantri Anusuchit Jaati Abhyuday Yojana","SC","Central","All India (villages and institutions)","What benefits/amount does Pradhan Mantri Anusuchit Jaati Abhyuday Yojana give?","Integrated development of SC-dominant villages (drinking water, sanitation, education, health, roads, livelihood); grants for livelihood and skill projects for BPL SC families; financial support of up to Rs 50,000 or 50% of asset cost (whichever is less) per beneficiary for livelihood assets; hostel construction in top institutions Headline value: Adarsh Gram component: gap-filling grants per village. Livelihood component: asset grant up to Rs 50,000 or 50% of cost per beneficiary household. Fund shares: up to 50% for Adarsh Gram, up to 2% for hostels, up to 5% for administration/monitoring. At least 15% of grants are to be used for income-generating schemes for SC women, at least 10% for skill development and up to 30% for infrastructure Funding pattern: 100% central assistance (Centrally Sponsored Scheme; States meet implementation establishment costs)."
"SC-CEN-009","Pradhan Mantri Anusuchit Jaati Abhyuday Yojana","SC","Central","All India (villages and institutions)","How do I apply for Pradhan Mantri Anusuchit Jaati Abhyuday Yojana?","Application mode: Through States/Districts (Annual Action Plans uploaded on the PM-AJAY portal); beneficiaries identified by State/District administration and Panchayati Raj institutions. Portal: https://pmajay.dosje.gov.in. Documents needed: For beneficiaries: caste certificate, BPL/income proof, Aadhaar, bank account, project proposal. For institutions: DPR, NIRF ranking certificate, proof of government funding. Helpline: PM-AJAY Programme Implementation Unit, Ministry of Social Justice & Empowerment; State SC Development Corporations."
"SC-CEN-009","Pradhan Mantri Anusuchit Jaati Abhyuday Yojana","SC","Central","All India (villages and institutions)","What happened to Pradhan Mantri Anusuchit Jaati Abhyuday Yojana - is it still running?","Status: Active. Earlier scheme(s): Special Central Assistance to Scheduled Caste Sub Plan (SCA to SCSP); Pradhan Mantri Adarsh Gram Yojana (PMAGY); Babu Jagjivan Ram Chhatrawas Yojana (BJRCY). Now replaced/continued by: Not specified. Active period: 2021-22 to 2025-26 (extended with the 15th Finance Commission period; continuing). Village eligibility widened from 50% to more than 40% SC population in the revised guidelines; 6,087 villages declared Adarsh Gram; hostel component restricted to top-ranked government-funded institutions"
"SC-CEN-009","Pradhan Mantri Anusuchit Jaati Abhyuday Yojana","SC","Central","All India (villages and institutions)","What are the latest changes in Pradhan Mantri Anusuchit Jaati Abhyuday Yojana?","Village eligibility widened from 50% to more than 40% SC population in the revised guidelines; 6,087 villages declared Adarsh Gram; hostel component restricted to top-ranked government-funded institutions (Last verified: 2026-09-23, confidence: High.)"
"SC-CEN-010","Special Central Assistance to Scheduled Caste Sub Plan (legacy)","SC","Central","All India","What is Special Central Assistance to Scheduled Caste Sub Plan (legacy) (SCA to SCSP)?","Special Central Assistance to Scheduled Caste Sub Plan (legacy) is a SC scheme of Ministry of Social Justice and Empowerment, implemented at the central level in All India. Type: Centrally Sponsored Scheme. Launched: 1979 (Special Component Plan for SCs under the Sixth Five Year Plan era; renamed SCSP in 2011). Status: Merged & renamed. It aims to help SC families below the poverty line; SC-majority villages. Benefit: Grants to States for SC families (income generating schemes such as agriculture, horticulture, animal husbandry, fisheries, handicrafts, small business) and infrastructure in SC-majority villages"
"SC-CEN-010","Special Central Assistance to Scheduled Caste Sub Plan (legacy)","SC","Central","All India","Who is eligible for Special Central Assistance to Scheduled Caste Sub Plan (legacy)?","Target group: SC families below the poverty line; SC-majority villages. Beneficiary type: Family; Village. Age: Not applicable. Income limit: SC families below the poverty line. Other conditions: 100% central assistance to States for income generating schemes, skill development and infrastructure in villages with 50% or more SC population Not eligible: Now closed - replaced by PM-AJAY component 2"
"SC-CEN-010","Special Central Assistance to Scheduled Caste Sub Plan (legacy)","SC","Central","All India","What benefits/amount does Special Central Assistance to Scheduled Caste Sub Plan (legacy) give?","Grants to States for SC families (income generating schemes such as agriculture, horticulture, animal husbandry, fisheries, handicrafts, small business) and infrastructure in SC-majority villages Headline value: 100% central assistance, allocated to States on the basis of SC population (50% weightage) and State SCSP allocation ratio (50% weightage) Funding pattern: 100% central assistance to States (Centrally Sponsored Scheme)."
"SC-CEN-010","Special Central Assistance to Scheduled Caste Sub Plan (legacy)","SC","Central","All India","How do I apply for Special Central Assistance to Scheduled Caste Sub Plan (legacy)?","Application mode: Through State Government Annual Action Plans (scheme now closed). Portal: Subsumed into PM-AJAY portal - https://pmajay.dosje.gov.in. Documents needed: State-level project proposals; beneficiary lists through Panchayati Raj institutions; BPL lists. Helpline: Ministry of Social Justice & Empowerment."
"SC-CEN-010","Special Central Assistance to Scheduled Caste Sub Plan (legacy)","SC","Central","All India","What happened to Special Central Assistance to Scheduled Caste Sub Plan (legacy) - is it still running?","Status: Merged & renamed. Earlier scheme(s): Special Component Plan for Scheduled Castes (1979). Now replaced/continued by: PM-AJAY (Grants-in-aid component) from FY 2021-22. Active period: 1979-80 to 2021-22. Closed for fresh sanctions after PM-AJAY was launched in 2021-22 - treat as historical/predecessor scheme"
"SC-CEN-010","Special Central Assistance to Scheduled Caste Sub Plan (legacy)","SC","Central","All India","What are the latest changes in Special Central Assistance to Scheduled Caste Sub Plan (legacy)?","Closed for fresh sanctions after PM-AJAY was launched in 2021-22 - treat as historical/predecessor scheme (Last verified: 2026-09-23, confidence: High.)"
"SC-CEN-011","Pradhan Mantri Adarsh Gram Yojana (legacy)","SC","Central","All India","What is Pradhan Mantri Adarsh Gram Yojana (legacy) (PMAGY)?","Pradhan Mantri Adarsh Gram Yojana (legacy) is a SC scheme of Ministry of Social Justice and Empowerment, implemented at the central level in All India. Type: Centrally Sponsored Scheme. Launched: 2009-10 (pilot), scaled up in 2010-11; restructured 2014-15. Status: Merged & renamed. It aims to help Villages with more than 50% SC population and total population of 500 or more (later 40% norms under PM-AJAY). Benefit: Gap-filling infrastructure grants per village to develop SC-majority villages into model villages with basic amenities"
"SC-CEN-011","Pradhan Mantri Adarsh Gram Yojana (legacy)","SC","Central","All India","Who is eligible for Pradhan Mantri Adarsh Gram Yojana (legacy)?","Target group: Villages with more than 50% SC population and total population of 500 or more (later 40% norms under PM-AJAY). Beneficiary type: Village. Age: Not applicable. Income limit: Not applicable. Other conditions: Village must have SC population above 50% (PMAGY norms) and population of at least 500; selection in descending order of SC population Not eligible: Scheme closed for new villages; ongoing works subsumed under PM-AJAY"
"SC-CEN-011","Pradhan Mantri Adarsh Gram Yojana (legacy)","SC","Central","All India","What benefits/amount does Pradhan Mantri Adarsh Gram Yojana (legacy) give?","Gap-filling infrastructure grants per village to develop SC-majority villages into model villages with basic amenities Headline value: Rs 21 lakh per village (Rs 20 lakh central share + Rs 1 lakh State share) under PMAGY norms Funding pattern: Centrally Sponsored - 90:10 earlier revised to 100% central assistance in later phases."
"SC-CEN-011","Pradhan Mantri Adarsh Gram Yojana (legacy)","SC","Central","All India","How do I apply for Pradhan Mantri Adarsh Gram Yojana (legacy)?","Application mode: Through State/District administration (scheme closed; now via PM-AJAY). Portal: https://pmajay.dosje.gov.in. Documents needed: Village-level plan, SC population certificate, Gram Sabha resolution, utilisation certificates. Helpline: Ministry of Social Justice & Empowerment / State Social Welfare Department."
"SC-CEN-011","Pradhan Mantri Adarsh Gram Yojana (legacy)","SC","Central","All India","What happened to Pradhan Mantri Adarsh Gram Yojana (legacy) - is it still running?","Status: Merged & renamed. Earlier scheme(s): Not specified. Now replaced/continued by: PM-AJAY (Adarsh Gram component), 2021-22. Active period: 2010-11 to 2021-22. Merged into PM-AJAY from 2021-22; PM-AJAY has now covered 29,881 villages, declaring 6,087 as Adarsh Gram"
"SC-CEN-011","Pradhan Mantri Adarsh Gram Yojana (legacy)","SC","Central","All India","What are the latest changes in Pradhan Mantri Adarsh Gram Yojana (legacy)?","Merged into PM-AJAY from 2021-22; PM-AJAY has now covered 29,881 villages, declaring 6,087 as Adarsh Gram (Last verified: 2026-09-23, confidence: High.)"
"SC-CEN-012","Babu Jagjivan Ram Chhatrawas Yojana (legacy hostel scheme)","SC","Central","All India","What is Babu Jagjivan Ram Chhatrawas Yojana (legacy hostel scheme) (BJRCY)?","Babu Jagjivan Ram Chhatrawas Yojana (legacy hostel scheme) is a SC scheme of Ministry of Social Justice and Empowerment, implemented at the central level in All India. Type: Centrally Sponsored Scheme. Launched: Hostels for SC girls since the Third Five Year Plan (1961-66); separate SC boys' hostels from 1989-90; BJRCY named/revamped in 2007-08. Status: Merged & renamed. It aims to help SC students, especially girls, from rural and remote areas pursuing secondary and higher education. Benefit: Construction and repair of hostel buildings with dormitories and common facilities so that SC students, particularly girls, can study away from home"
"SC-CEN-012","Babu Jagjivan Ram Chhatrawas Yojana (legacy hostel scheme)","SC","Central","All India","Who is eligible for Babu Jagjivan Ram Chhatrawas Yojana (legacy hostel scheme)?","Target group: SC students, especially girls, from rural and remote areas pursuing secondary and higher education. Beneficiary type: Student; Institution. Age: School/college going age. Income limit: As prescribed for hostel admission (generally low-income SC families). Other conditions: SC students studying in middle schools, higher secondary schools, colleges and universities; hostels built by State Governments, universities, or NGOs with central assistance Not eligible: Now operated under PM-AJAY; new standalone BJRCY sanctions discontinued"
"SC-CEN-012","Babu Jagjivan Ram Chhatrawas Yojana (legacy hostel scheme)","SC","Central","All India","What benefits/amount does Babu Jagjivan Ram Chhatrawas Yojana (legacy hostel scheme) give?","Construction and repair of hostel buildings with dormitories and common facilities so that SC students, particularly girls, can study away from home Headline value: Central assistance of Rs 21 lakh per 100-seat hostel block (norm under older guidelines) plus provisions for repair/maintenance; current hostels built under PM-AJAY component 3 Funding pattern: Centrally Sponsored - 50:50 (90:10 for NE and Himalayan States, as per norms of the period)."
"SC-CEN-012","Babu Jagjivan Ram Chhatrawas Yojana (legacy hostel scheme)","SC","Central","All India","How do I apply for Babu Jagjivan Ram Chhatrawas Yojana (legacy hostel scheme)?","Application mode: Through State Government/institution proposals (now through PM-AJAY portal). Portal: https://pmajay.dosje.gov.in. Documents needed: DPR, land documents, institutional registration, government funding proof, cost estimate, utilisation certificate. Helpline: Ministry of Social Justice & Empowerment / State Social Welfare Department."
"SC-CEN-012","Babu Jagjivan Ram Chhatrawas Yojana (legacy hostel scheme)","SC","Central","All India","What happened to Babu Jagjivan Ram Chhatrawas Yojana (legacy hostel scheme) - is it still running?","Status: Merged & renamed. Earlier scheme(s): Scheme of hostels for SC girls (1961) and SC boys (1989-90). Now replaced/continued by: PM-AJAY Component 3 (hostels) from 2021-22. Active period: 1961-62 onwards to 2021-22 (as standalone). Subsumed into PM-AJAY; PM-AJAY now allows hostel construction in NIRF-ranked government-funded higher education institutions and government schools"
"SC-CEN-012","Babu Jagjivan Ram Chhatrawas Yojana (legacy hostel scheme)","SC","Central","All India","What are the latest changes in Babu Jagjivan Ram Chhatrawas Yojana (legacy hostel scheme)?","Subsumed into PM-AJAY; PM-AJAY now allows hostel construction in NIRF-ranked government-funded higher education institutions and government schools (Last verified: 2026-09-23, confidence: High.)"
"SC-CEN-013","Dr. Ambedkar Scheme for Social Integration through Inter-Caste Marriages","SC","Central","All India","What is Dr. Ambedkar Scheme for Social Integration through Inter-Caste Marriages (DAFSICM)?","Dr. Ambedkar Scheme for Social Integration through Inter-Caste Marriages is a SC scheme of Ministry of Social Justice and Empowerment (implemented by Dr. Ambedkar Foundation), implemented at the central level in All India. Type: Central Sector Scheme. Launched: 2013 (revised guidelines 2020-21). Status: Active. It aims to help Inter-caste married couples where one spouse belongs to a Scheduled Caste. Benefit: One-time financial incentive of Rs 2,50,000 per couple (paid as incentive to the couple after verification) to encourage social integration and reduce caste-based exclusion"
"SC-CEN-013","Dr. Ambedkar Scheme for Social Integration through Inter-Caste Marriages","SC","Central","All India","Who is eligible for Dr. Ambedkar Scheme for Social Integration through Inter-Caste Marriages?","Target group: Inter-caste married couples where one spouse belongs to a Scheduled Caste. Beneficiary type: Couple / Family. Age: Groom must be at least 21 and bride at least 18 years at marriage. Income limit: Combined annual income of the couple up to Rs 5,00,000. Other conditions: The marriage must be the first marriage of both spouses; one spouse must be SC; the couple must apply within one year of marriage with marriage certificate and caste certificates; a maximum of 500 couples are supported per year Not eligible: Couples whose marriage is not legally registered/solemnised; second marriages; applications beyond one year of marriage (unless relaxed)"
"SC-CEN-013","Dr. Ambedkar Scheme for Social Integration through Inter-Caste Marriages","SC","Central","All India","What benefits/amount does Dr. Ambedkar Scheme for Social Integration through Inter-Caste Marriages give?","One-time financial incentive of Rs 2,50,000 per couple (paid as incentive to the couple after verification) to encourage social integration and reduce caste-based exclusion Headline value: Rs 2,50,000 per couple; up to 500 couples per year Funding pattern: 100% Central (Dr. Ambedkar Foundation)."
"SC-CEN-013","Dr. Ambedkar Scheme for Social Integration through Inter-Caste Marriages","SC","Central","All India","How do I apply for Dr. Ambedkar Scheme for Social Integration through Inter-Caste Marriages?","Application mode: Online/offline application through the State Social Welfare Department or Dr. Ambedkar Foundation. Portal: https://socialjustice.gov.in (Dr. Ambedkar Foundation). Documents needed: Marriage certificate; caste certificates of both spouses; income certificate; age proof; Aadhaar and bank details; joint photograph; affidavit that it is the first marriage. Helpline: Dr. Ambedkar Foundation, New Delhi."
"SC-CEN-013","Dr. Ambedkar Scheme for Social Integration through Inter-Caste Marriages","SC","Central","All India","What are the latest changes in Dr. Ambedkar Scheme for Social Integration through Inter-Caste Marriages?","Guidelines revised to require online submission and quicker verification; demand consistently exceeds the 500-couple cap (Last verified: 2026-09-23, confidence: Medium.)"
"SC-CEN-014","Venture Capital Fund for Scheduled Castes","SC","Central","All India","What is Venture Capital Fund for Scheduled Castes (VCF-SC)?","Venture Capital Fund for Scheduled Castes is a SC scheme of Ministry of Social Justice and Empowerment, implemented at the central level in All India. Type: Central Sector Scheme (fund-based). Launched: 2014-15 (initial corpus Rs 200 crore; fund size later enhanced to about Rs 500 crore). Status: Active. It aims to help SC entrepreneurs and SC-majority companies (manufacturing and services). Benefit: Concessional equity/quasi-equity financing for SC entrepreneurs to set up or expand businesses and create jobs"
"SC-CEN-014","Venture Capital Fund for Scheduled Castes","SC","Central","All India","Who is eligible for Venture Capital Fund for Scheduled Castes?","Target group: SC entrepreneurs and SC-majority companies (manufacturing and services). Beneficiary type: Entrepreneur; Company. Age: 18 years and above (promoter). Income limit: No income limit (enterprise-based). Other conditions: Company/enterprise with at least 51% SC shareholding and management control (12 months for loans above Rs 50 lakh; 6 months for loans up to Rs 50 lakh); manufacturing or services sector with asset creation; SC promoters must retain at least 51-60% stake until exit Not eligible: Trading-only and non-asset-creating proposals; promoters unwilling to bring the prescribed margin (25%)"
"SC-CEN-014","Venture Capital Fund for Scheduled Castes","SC","Central","All India","What benefits/amount does Venture Capital Fund for Scheduled Castes give?","Concessional equity/quasi-equity financing for SC entrepreneurs to set up or expand businesses and create jobs Headline value: Assistance from about Rs 10 lakh to Rs 15 crore per company. Up to Rs 5 crore: fund invests up to 75% of project cost, promoters bring 25%. Above Rs 5 crore: fund invests up to 50%, at least 25% from bank/FI and 25% from promoters Funding pattern: 100% Government of India corpus through IFCI-managed SEBI-registered fund."
"SC-CEN-014","Venture Capital Fund for Scheduled Castes","SC","Central","All India","How do I apply for Venture Capital Fund for Scheduled Castes?","Application mode: Online application and appraisal by IFCI/the fund manager. Portal: https://www.vcfsc.in. Documents needed: Caste certificate of promoters; shareholding pattern proof; project report/DPR; audited financials; bank sanction letter for the loan portion; KYC and company registration documents. Helpline: VCF-SC / IFCI Ltd., New Delhi."
"SC-CEN-014","Venture Capital Fund for Scheduled Castes","SC","Central","All India","What are the latest changes in Venture Capital Fund for Scheduled Castes?","Fund size enhanced; renewed push in 2024-26 towards technology-driven manufacturing ventures; scheme reviewed for expanding outreach to smaller towns (Last verified: 2026-09-23, confidence: High.)"
"SC-CEN-015","Ambedkar Social Innovation and Incubation Mission","SC","Central","All India","What is Ambedkar Social Innovation and Incubation Mission (ASIIM)?","Ambedkar Social Innovation and Incubation Mission is a SC scheme of Ministry of Social Justice and Empowerment, implemented at the central level in All India. Type: Central Sector Scheme (fund-based). Launched: FY 2021-22. Status: Active. It aims to help SC students/start-up founders with innovative ideas, identified through Technology Business Incubators (TBIs) of institutions. Benefit: Equity funding in tranches to convert SC student start-up ideas into commercial ventures, with continued support of up to Rs 15 crore from VCF-SC for successful ventures"
"SC-CEN-015","Ambedkar Social Innovation and Incubation Mission","SC","Central","All India","Who is eligible for Ambedkar Social Innovation and Incubation Mission?","Target group: SC students/start-up founders with innovative ideas, identified through Technology Business Incubators (TBIs) of institutions. Beneficiary type: Entrepreneur; Startup. Age: Not specified (students/young entrepreneurs). Income limit: No income limit. Other conditions: SC founder-backed start-ups/innovations selected through TBIs and incubators; idea should be scalable and commercially viable Not eligible: Non-SC majority ventures; ideas without incubation validation"
"SC-CEN-015","Ambedkar Social Innovation and Incubation Mission","SC","Central","All India","What benefits/amount does Ambedkar Social Innovation and Incubation Mission give?","Equity funding in tranches to convert SC student start-up ideas into commercial ventures, with continued support of up to Rs 15 crore from VCF-SC for successful ventures Headline value: Up to Rs 30 lakh over 3 years as equity funding (in tranches of about Rs 10 lakh) per start-up; plan to support about 1,250 start-up ideas and 90 projects with Rs 350 crore over 5 years Funding pattern: 100% Central."
"SC-CEN-015","Ambedkar Social Innovation and Incubation Mission","SC","Central","All India","How do I apply for Ambedkar Social Innovation and Incubation Mission?","Application mode: Application through participating Technology Business Incubators and the VCF-SC portal. Portal: https://www.vcfsc.in/asiim/. Documents needed: Caste certificate; proof of SC majority ownership; start-up pitch/innovation proposal; incubator nomination; incorporation/registration proof. Helpline: VCF-SC / IFCI ASIIM desk."
"SC-CEN-015","Ambedkar Social Innovation and Incubation Mission","SC","Central","All India","What are the latest changes in Ambedkar Social Innovation and Incubation Mission?","Continued under VCF-SC in 2024-26; focus on tech manufacturing, agri-tech and service innovations (Last verified: 2026-09-23, confidence: High.)"
"SC-CEN-016","Credit Enhancement Guarantee Scheme for Scheduled Castes","SC","Central","All India","What is Credit Enhancement Guarantee Scheme for Scheduled Castes (CEGS-SC)?","Credit Enhancement Guarantee Scheme for Scheduled Castes is a SC scheme of Ministry of Social Justice and Empowerment, implemented at the central level in All India. Type: Central Sector Scheme. Launched: 2014-15 (budget announcement 2014; operational from 2015-16). Status: Active. It aims to help SC entrepreneurs/companies (including first-generation entrepreneurs) needing bank credit without adequate collateral. Benefit: Guarantee cover to banks so that SC entrepreneurs with viable projects can get credit without collateral, improving access to institutional finance"
"SC-CEN-016","Credit Enhancement Guarantee Scheme for Scheduled Castes","SC","Central","All India","Who is eligible for Credit Enhancement Guarantee Scheme for Scheduled Castes?","Target group: SC entrepreneurs/companies (including first-generation entrepreneurs) needing bank credit without adequate collateral. Beneficiary type: Entrepreneur. Age: 18 years and above. Income limit: Normally linked to the definition of SC families within income limits for credit schemes (verify current norm). Other conditions: SC entrepreneur/company with at least 51% SC shareholding; viable project appraised by a bank/financial institution; the guarantee is issued in favour of the lending bank Not eligible: Defaults and wilful non-repayment lead to guarantee invocation and recovery action; not a subsidy"
"SC-CEN-016","Credit Enhancement Guarantee Scheme for Scheduled Castes","SC","Central","All India","What benefits/amount does Credit Enhancement Guarantee Scheme for Scheduled Castes give?","Guarantee cover to banks so that SC entrepreneurs with viable projects can get credit without collateral, improving access to institutional finance Headline value: Guarantee cover on sanctioned loans as per the guidelines (initial scheme corpus Rs 200 crore; guarantees enabling credit to SC entrepreneurs). Confirm individual limits with IFCI/the nodal agency Funding pattern: 100% Central."
"SC-CEN-016","Credit Enhancement Guarantee Scheme for Scheduled Castes","SC","Central","All India","How do I apply for Credit Enhancement Guarantee Scheme for Scheduled Castes?","Application mode: Application routed through the lending bank to the nodal agency (IFCI). Portal: https://socialjustice.gov.in (Credit Enhancement Guarantee Scheme). Documents needed: Caste certificate; SC shareholding proof; project report; bank appraisal/loan sanction details; financial statements; KYC documents. Helpline: IFCI Ltd. / Ministry of Social Justice & Empowerment."
"SC-CEN-016","Credit Enhancement Guarantee Scheme for Scheduled Castes","SC","Central","All India","What are the latest changes in Credit Enhancement Guarantee Scheme for Scheduled Castes?","Being dovetailed with other SC entrepreneurship schemes (VCF-SC, National SC-ST Hub) in recent budget announcements; verification of current limits advised (Last verified: 2026-09-23, confidence: Medium.)"
"SC-CEN-017","National Scheduled Castes Finance and Development Corporation - Term Loan Schemes","SC","Central","All India (through State Channelizing Agencies)","What is National Scheduled Castes Finance and Development Corporation - Term Loan Schemes (NSFDC)?","National Scheduled Castes Finance and Development Corporation - Term Loan Schemes is a SC scheme of Ministry of Social Justice and Empowerment, implemented at the central level in All India (through State Channelizing Agencies). Type: Corporation credit scheme (Government company under Section 8 of the Companies Act). Launched: 1989 (NSFDC set up; renamed from National Scheduled Castes and Scheduled Tribes Finance and Development Corporation). Status: Active. It aims to help SC families living below double the poverty line (DPL) - artisans, petty traders, transport operators, small entrepreneurs, women. Benefit: Concessional term loans (up to 90-95% of unit cost) for self-employment and income-generating activities, with training and market support"
"SC-CEN-017","National Scheduled Castes Finance and Development Corporation - Term Loan Schemes","SC","Central","All India (through State Channelizing Agencies)","Who is eligible for National Scheduled Castes Finance and Development Corporation - Term Loan Schemes?","Target group: SC families living below double the poverty line (DPL) - artisans, petty traders, transport operators, small entrepreneurs, women. Beneficiary type: Individual; Family; Entrepreneur; SHG. Age: 18 to 55 years (relaxable for specific schemes). Income limit: Annual family income up to double the poverty line (DPL) as notified (about Rs 1.5 lakh rural / Rs 1.8 lakh urban in recent norms - confirm current DPL). Other conditions: SC individual/SHG/cooperative with viable income-generating activity; applications routed through State Channelizing Agencies or partner banks; no existing default with any bank/FI Not eligible: Wilful defaulters; activities prohibited under applicable law; applicants above income ceiling"
"SC-CEN-017","National Scheduled Castes Finance and Development Corporation - Term Loan Schemes","SC","Central","All India (through State Channelizing Agencies)","What benefits/amount does National Scheduled Castes Finance and Development Corporation - Term Loan Schemes give?","Concessional term loans (up to 90-95% of unit cost) for self-employment and income-generating activities, with training and market support Headline value: Term loan up to Rs 30 lakh per unit (Small loans up to Rs 1 lakh; Medium Rs 1-5 lakh; Large Rs 5-30 lakh); beneficiaries pay about 5-6% interest; NSFDC charges State agencies a lower rate Funding pattern: NSFDC equity from Government of India; on-lending through State Channelizing Agencies."
"SC-CEN-017","National Scheduled Castes Finance and Development Corporation - Term Loan Schemes","SC","Central","All India (through State Channelizing Agencies)","How do I apply for National Scheduled Castes Finance and Development Corporation - Term Loan Schemes?","Application mode: Offline/online application through State SC Development Corporation (Channelizing Agency) or designated bank branch; some schemes via the NSFDC portal. Portal: https://nsfdc.nic.in. Documents needed: Caste certificate; income certificate / DPL certificate; Aadhaar; bank account; project/unit estimate or quotation; SHG or firm registration if applicable; no-dues declaration. Helpline: NSFDC head office, New Delhi (011-26179448); State SC Development Corporation helplines."
"SC-CEN-017","National Scheduled Castes Finance and Development Corporation - Term Loan Schemes","SC","Central","All India (through State Channelizing Agencies)","What happened to National Scheduled Castes Finance and Development Corporation - Term Loan Schemes - is it still running?","Status: Active. Earlier scheme(s): National Scheduled Castes and Scheduled Tribes Finance and Development Corporation (1989). Now replaced/continued by: Not specified. Active period: 1989 onwards. NSFDC has expanded digital application, credit-guarantee tie-ups and the Green Business Scheme (e-rickshaw, solar pumps, poly houses) in 2024-26"
"SC-CEN-017","National Scheduled Castes Finance and Development Corporation - Term Loan Schemes","SC","Central","All India (through State Channelizing Agencies)","What are the latest changes in National Scheduled Castes Finance and Development Corporation - Term Loan Schemes?","NSFDC has expanded digital application, credit-guarantee tie-ups and the Green Business Scheme (e-rickshaw, solar pumps, poly houses) in 2024-26 (Last verified: 2026-09-23, confidence: High.)"
"SC-CEN-018","Mahila Samridhi Yojana (NSFDC micro-finance for SC women)","SC","Central","All India (through State Channelizing Agencies)","What is Mahila Samridhi Yojana (NSFDC micro-finance for SC women) (MSY)?","Mahila Samridhi Yojana (NSFDC micro-finance for SC women) is a SC scheme of Ministry of Social Justice and Empowerment, implemented at the central level in All India (through State Channelizing Agencies). Type: Corporation micro-credit scheme. Launched: 1990s (continuously revised; now with 4% interest for SC women). Status: Active. It aims to help SC women entrepreneurs below double the poverty line, including SHG members. Benefit: Micro-credit for SC women to set up or expand micro-enterprises with training and follow-up support, at highly concessional interest"
"SC-CEN-018","Mahila Samridhi Yojana (NSFDC micro-finance for SC women)","SC","Central","All India (through State Channelizing Agencies)","Who is eligible for Mahila Samridhi Yojana (NSFDC micro-finance for SC women)?","Target group: SC women entrepreneurs below double the poverty line, including SHG members. Beneficiary type: Woman; Entrepreneur; SHG. Age: 18 to 55 years. Income limit: Family income within double the poverty line. Other conditions: SC woman with a viable micro-enterprise plan or SHG undertaking group activity; routed through the State Channelizing Agency Not eligible: Defaulters; proposals without viable unit economics"
"SC-CEN-018","Mahila Samridhi Yojana (NSFDC micro-finance for SC women)","SC","Central","All India (through State Channelizing Agencies)","What benefits/amount does Mahila Samridhi Yojana (NSFDC micro-finance for SC women) give?","Micro-credit for SC women to set up or expand micro-enterprises with training and follow-up support, at highly concessional interest Headline value: Project cost up to Rs 1,40,000; loan up to Rs 1,25,000 (about 90% of cost); SC women pay about 4% interest per annum; repayment is short-term (about 3 to 3.5 years including moratorium) Funding pattern: NSFDC refinance to State agencies, which on-lend to beneficiaries."
"SC-CEN-018","Mahila Samridhi Yojana (NSFDC micro-finance for SC women)","SC","Central","All India (through State Channelizing Agencies)","How do I apply for Mahila Samridhi Yojana (NSFDC micro-finance for SC women)?","Application mode: Through State SC Development Corporation / Channelizing Agency; also via SHG federations. Portal: https://nsfdc.nic.in. Documents needed: Caste certificate; income proof; Aadhaar; bank account; SHG membership proof; activity/business estimate; photograph. Helpline: NSFDC head office (011-26179448); State SC Development Corporation."
"SC-CEN-018","Mahila Samridhi Yojana (NSFDC micro-finance for SC women)","SC","Central","All India (through State Channelizing Agencies)","What are the latest changes in Mahila Samridhi Yojana (NSFDC micro-finance for SC women)?","Digital onboarding with Aadhaar; convergence with SHG platforms in several States; interest subvention in select States (Last verified: 2026-09-23, confidence: High.)"
"SC-CEN-019","NSFDC Green Business Scheme","SC","Central","All India","What is NSFDC Green Business Scheme (GBS (NSFDC))?","NSFDC Green Business Scheme is a SC scheme of Ministry of Social Justice and Empowerment, implemented at the central level in All India. Type: Corporation credit scheme. Launched: 2016 (in response to climate-change concerns and to promote green livelihoods). Status: Active. It aims to help SC persons setting up green/climate-friendly micro-enterprises. Benefit: Concessional loan for green livelihood assets, generating income with low running cost"
"SC-CEN-019","NSFDC Green Business Scheme","SC","Central","All India","Who is eligible for NSFDC Green Business Scheme?","Target group: SC persons setting up green/climate-friendly micro-enterprises. Beneficiary type: Individual; Entrepreneur. Age: 18 years and above. Income limit: Family income within double the poverty line. Other conditions: SC applicant proposing activities such as e-rickshaw, solar pump, solar-powered implements, poly-house, waste recycling; unit cost within the prescribed limit Not eligible: Diesel-based or non-green activities; defaulters"
"SC-CEN-019","NSFDC Green Business Scheme","SC","Central","All India","What benefits/amount does NSFDC Green Business Scheme give?","Concessional loan for green livelihood assets, generating income with low running cost Headline value: Loan for unit cost up to about Rs 1 lakh at concessional interest (about 5% per annum) Funding pattern: NSFDC refinance through State Channelizing Agencies."
"SC-CEN-019","NSFDC Green Business Scheme","SC","Central","All India","How do I apply for NSFDC Green Business Scheme?","Application mode: Through State SC Development Corporation / Channelizing Agency. Portal: https://nsfdc.nic.in. Documents needed: Caste certificate; income certificate; Aadhaar; bank account; quotation/invoice of the asset; driving licence for e-rickshaw. Helpline: NSFDC head office; State SC Development Corporation."
"SC-CEN-019","NSFDC Green Business Scheme","SC","Central","All India","What are the latest changes in NSFDC Green Business Scheme?","Expanded in 2024-26 with solar pump and e-mobility financing in rural districts (Last verified: 2026-09-23, confidence: Medium.)"
"SC-CEN-020","NSFDC Educational Loan and Vocational Education & Training Loan Scheme","SC","Central","All India","What is NSFDC Educational Loan and Vocational Education & Training Loan Scheme (NSFDC Edu Loan / VETLS)?","NSFDC Educational Loan and Vocational Education & Training Loan Scheme is a SC scheme of Ministry of Social Justice and Empowerment, implemented at the central level in All India. Type: Corporation credit scheme. Launched: Educational loan scheme revised through the 2010s; VETLS introduced for short-term courses. Status: Active. It aims to help SC students pursuing professional/technical education and short-term vocational courses. Benefit: Concessional education loan covering course fees and related expenses for professional/technical education, and small loans for short-term vocational training"
"SC-CEN-020","NSFDC Educational Loan and Vocational Education & Training Loan Scheme","SC","Central","All India","Who is eligible for NSFDC Educational Loan and Vocational Education & Training Loan Scheme?","Target group: SC students pursuing professional/technical education and short-term vocational courses. Beneficiary type: Student. Age: 18 to 55 years. Income limit: Family income within double the poverty line (relaxed for some courses). Other conditions: SC student with confirmed admission to a recognised professional/technical course (in India or abroad) or a short-term vocational training course Not eligible: Courses not recognised by the relevant regulator; students with existing education-loan default"
"SC-CEN-020","NSFDC Educational Loan and Vocational Education & Training Loan Scheme","SC","Central","All India","What benefits/amount does NSFDC Educational Loan and Vocational Education & Training Loan Scheme give?","Concessional education loan covering course fees and related expenses for professional/technical education, and small loans for short-term vocational training Headline value: Educational loan as per NSFDC norms (up to Rs 15-30 lakh for professional courses in India/abroad depending on the scheme); VETLS loan about Rs 4 lakh for short courses with 4% interest for male and 3.5% for female awardees Funding pattern: NSFDC refinance through State Channelizing Agencies."
"SC-CEN-020","NSFDC Educational Loan and Vocational Education & Training Loan Scheme","SC","Central","All India","How do I apply for NSFDC Educational Loan and Vocational Education & Training Loan Scheme?","Application mode: Through State SC Development Corporation / Channelizing Agency. Portal: https://nsfdc.nic.in. Documents needed: Caste certificate; income proof; admission letter/fee receipt; academic marksheets; co-obligant details if required; Aadhaar and bank account. Helpline: NSFDC head office; State SC Development Corporation."
"SC-CEN-020","NSFDC Educational Loan and Vocational Education & Training Loan Scheme","SC","Central","All India","What are the latest changes in NSFDC Educational Loan and Vocational Education & Training Loan Scheme?","Convergence with Skill India/PM-DAKSH short-course skilling in recent years (Last verified: 2026-09-23, confidence: Medium.)"
"SC-CEN-021","National Safai Karamcharis Finance and Development Corporation schemes","SC","Central","All India (through State Channelizing Agencies)","What is National Safai Karamcharis Finance and Development Corporation schemes (NSKFDC)?","National Safai Karamcharis Finance and Development Corporation schemes is a SC scheme of Ministry of Social Justice and Empowerment, implemented at the central level in All India (through State Channelizing Agencies). Type: Corporation credit scheme (Government of India company). Launched: 1997 (NSKFDC incorporated). Status: Active. It aims to help Safai karamcharis (sanitation workers) and their dependents, and persons engaged in manual scavenging identified under law - predominantly SC but open to all such workers. Benefit: Term loans at concessional rates for self-employment, small business, transport, education and skill up-gradation; also sanitation-related enterprise finance"
"SC-CEN-021","National Safai Karamcharis Finance and Development Corporation schemes","SC","Central","All India (through State Channelizing Agencies)","Who is eligible for National Safai Karamcharis Finance and Development Corporation schemes?","Target group: Safai karamcharis (sanitation workers) and their dependents, and persons engaged in manual scavenging identified under law - predominantly SC but open to all such workers. Beneficiary type: Individual; Woman; SHG; Entrepreneur. Age: 18 to 55 years (relaxable in specific cases). Income limit: Family income within prescribed limits (about double the poverty line / low-income households). Other conditions: Safai karamchari or dependent/legal heir; proposed activity should be viable; applications routed through State Channelizing Agencies or banks Not eligible: Wilful defaulters; activities without income-generation potential; non-target groups"
"SC-CEN-021","National Safai Karamcharis Finance and Development Corporation schemes","SC","Central","All India (through State Channelizing Agencies)","What benefits/amount does National Safai Karamcharis Finance and Development Corporation schemes give?","Term loans at concessional rates for self-employment, small business, transport, education and skill up-gradation; also sanitation-related enterprise finance Headline value: Term loans up to Rs 30 lakh depending on the scheme (Small up to Rs 1 lakh; Medium up to Rs 5 lakh; Large above Rs 5 lakh); interest about 5-6% per annum for beneficiaries; VETLS-type short-term loans with 3.5-4% interest Funding pattern: NSKFDC equity from Government of India; refinance through SCAs and banks."
"SC-CEN-021","National Safai Karamcharis Finance and Development Corporation schemes","SC","Central","All India (through State Channelizing Agencies)","How do I apply for National Safai Karamcharis Finance and Development Corporation schemes?","Application mode: Through State Channelizing Agencies/direct lending through banks; application form on the NSKFDC portal. Portal: https://nskfdc.nic.in. Documents needed: Safai karamchari certificate/employment proof; caste certificate; income certificate; Aadhaar; bank account; project report; identity proof. Helpline: NSKFDC head office, New Delhi; State Channelizing Agency helplines."
"SC-CEN-021","National Safai Karamcharis Finance and Development Corporation schemes","SC","Central","All India (through State Channelizing Agencies)","What are the latest changes in National Safai Karamcharis Finance and Development Corporation schemes?","Coordinated with NAMASTE (2022) and the SRMS rehabilitation scheme; NSKFDC supports capital subsidy and skill components of NAMASTE (Last verified: 2026-09-23, confidence: High.)"
"SC-CEN-022","Self Employment Scheme for Rehabilitation of Manual Scavengers (now under NAMASTE)","SC","Central","All India","What is Self Employment Scheme for Rehabilitation of Manual Scavengers (now under NAMASTE) (SRMS / NAMASTE)?","Self Employment Scheme for Rehabilitation of Manual Scavengers (now under NAMASTE) is a SC scheme of Ministry of Social Justice and Empowerment (with Ministry of Housing and Urban Affairs for the NAMASTE sewer/septic tank component), implemented at the central level in All India. Type: Centrally Sponsored / Central Sector Scheme. Launched: SRMS 2007 (revised 2013); NAMASTE launched in 2022-23 as the upgraded umbrella. Status: Active (SRMS subsumed in NAMASTE). It aims to help Identified manual scavengers, sewer/septic tank workers (sanitation workers) and their dependents. Benefit: One-time cash assistance, skill training, concessional loans/entrepreneurship support, education support for children, and mechanised sanitation equipment (NAMASTE) for sanitation workers' safety and dignity"
"SC-CEN-022","Self Employment Scheme for Rehabilitation of Manual Scavengers (now under NAMASTE)","SC","Central","All India","Who is eligible for Self Employment Scheme for Rehabilitation of Manual Scavengers (now under NAMASTE)?","Target group: Identified manual scavengers, sewer/septic tank workers (sanitation workers) and their dependents. Beneficiary type: Individual; Family; Woman; Entrepreneur. Age: 18 years and above. Income limit: No separate income ceiling - eligibility based on identification as manual scavenger/sanitation worker. Other conditions: Person identified/verified as a manual scavenger or sewer/septic tank worker (or dependent), with a certificate from the district administration; one-time rehabilitation assistance applies once per family Not eligible: Families that have already received the one-time cash assistance under SRMS; persons not in the verified list unless newly identified"
"SC-CEN-022","Self Employment Scheme for Rehabilitation of Manual Scavengers (now under NAMASTE)","SC","Central","All India","What benefits/amount does Self Employment Scheme for Rehabilitation of Manual Scavengers (now under NAMASTE) give?","One-time cash assistance, skill training, concessional loans/entrepreneurship support, education support for children, and mechanised sanitation equipment (NAMASTE) for sanitation workers' safety and dignity Headline value: One-time cash assistance of Rs 40,000 per identified manual scavenger (SRMS); loans up to Rs 15 lakh for sanitation enterprises with capital subsidy up to Rs 5 lakh (NAMASTE/NSKFDC norms); NAMASTE also funds PPE kits, mechanised cleaning equipment and safety devices; budget for NAMASTE components enhanced in recent Union Budgets Funding pattern: Central assistance with State/ULB participation; NSKFDC as the financial intermediary."
"SC-CEN-022","Self Employment Scheme for Rehabilitation of Manual Scavengers (now under NAMASTE)","SC","Central","All India","How do I apply for Self Employment Scheme for Rehabilitation of Manual Scavengers (now under NAMASTE)?","Application mode: Through District Administration/Municipal bodies and State Channelizing Agencies; applications verified against the national survey list. Portal: https://nskfdc.nic.in / https://namaste.mohua.gov.in. Documents needed: Manual scavenger/sanitation worker identification certificate; caste certificate; Aadhaar; bank account; income/project details; dependant proof if applicable. Helpline: NSKFDC / NAMASTE helpline; State Sanitation/Social Welfare Department."
"SC-CEN-022","Self Employment Scheme for Rehabilitation of Manual Scavengers (now under NAMASTE)","SC","Central","All India","What happened to Self Employment Scheme for Rehabilitation of Manual Scavengers (now under NAMASTE) - is it still running?","Status: Active (SRMS subsumed in NAMASTE). Earlier scheme(s): National Scheme for Liberation and Rehabilitation of Scavengers (NSLRS, 1992). Now replaced/continued by: NAMASTE - National Action for Mechanised Sanitation Ecosystem (2022). Active period: 2007 onwards; NAMASTE from 2022-23 to 2025-26 (extended). NAMASTE launched in 2022-23 with mechanised cleaning, PPE and enterprise support; Union Budget 2025-26 enhanced sanitation-worker welfare and capital subsidy components"
"SC-CEN-022","Self Employment Scheme for Rehabilitation of Manual Scavengers (now under NAMASTE)","SC","Central","All India","What are the latest changes in Self Employment Scheme for Rehabilitation of Manual Scavengers (now under NAMASTE)?","NAMASTE launched in 2022-23 with mechanised cleaning, PPE and enterprise support; Union Budget 2025-26 enhanced sanitation-worker welfare and capital subsidy components (Last verified: 2026-09-23, confidence: High.)"
"SC-CEN-023","Centrally Sponsored Scheme for Implementation of the Protection of Civil Rights Act, 1955 and the SC/ST (Prevention of Atrocities) Act, 1989","SC & ST","Central","All India","What is Centrally Sponsored Scheme for Implementation of the Protection of Civil Rights Act, 1955 and the SC/ST (Prevention of Atrocities) Act, 1989 (PCR-PoA Scheme)?","Centrally Sponsored Scheme for Implementation of the Protection of Civil Rights Act, 1955 and the SC/ST (Prevention of Atrocities) Act, 1989 is a SC & ST scheme of Ministry of Social Justice and Empowerment, implemented at the central level in All India. Type: Centrally Sponsored Scheme. Launched: 1989 Act; supporting scheme funded continuously since the 1990s (revised guidelines 2016 and later). Status: Active. It aims to help SC and ST victims of atrocities and their dependents; institutions enforcing protective laws. Benefit: Financial relief and rehabilitation for atrocity victims and dependents, incentive for inter-caste marriages involving SC/ST victims, funds for special courts, special public prosecutors, protection cells and atrocity-prone-village preventive measures"
"SC-CEN-023","Centrally Sponsored Scheme for Implementation of the Protection of Civil Rights Act, 1955 and the SC/ST (Prevention of Atrocities) Act, 1989","SC & ST","Central","All India","Who is eligible for Centrally Sponsored Scheme for Implementation of the Protection of Civil Rights Act, 1955 and the SC/ST (Prevention of Atrocities) Act, 1989?","Target group: SC and ST victims of atrocities and their dependents; institutions enforcing protective laws. Beneficiary type: Individual; Family; Institution. Age: Not applicable. Income limit: No income ceiling for relief to atrocity victims. Other conditions: Victim must be an SC/ST person covered under the PCR Act 1955 or the SC/ST (PoA) Act 1989; relief is based on the offence category under the PoA Rules (47 listed offences); FIR/police report and court/medical documentation required Not eligible: Relief amounts differ by offence and may be paid in instalments; the scheme funds institutions, not a general grant for individual applicants"
"SC-CEN-023","Centrally Sponsored Scheme for Implementation of the Protection of Civil Rights Act, 1955 and the SC/ST (Prevention of Atrocities) Act, 1989","SC & ST","Central","All India","What benefits/amount does Centrally Sponsored Scheme for Implementation of the Protection of Civil Rights Act, 1955 and the SC/ST (Prevention of Atrocities) Act, 1989 give?","Financial relief and rehabilitation for atrocity victims and dependents, incentive for inter-caste marriages involving SC/ST victims, funds for special courts, special public prosecutors, protection cells and atrocity-prone-village preventive measures Headline value: Relief range of Rs 85,000 to Rs 8.25 lakh depending on the offence (e.g. Rs 5 lakh for rape, Rs 8.25 lakh for gang rape/acid attack or murder; Rs 1 lakh for caste abuse/denial of entry), payable within 7 days of the incident in stages; States may pay higher (Tamil Nadu raised to Rs 1-12 lakh). A government task force has recommended raising these amounts for inflation Funding pattern: Centrally Sponsored - 50:50 Centre:State for most components; 100% for some components (special courts, prosecutors) as per guidelines."
"SC-CEN-023","Centrally Sponsored Scheme for Implementation of the Protection of Civil Rights Act, 1955 and the SC/ST (Prevention of Atrocities) Act, 1989","SC & ST","Central","All India","How do I apply for Centrally Sponsored Scheme for Implementation of the Protection of Civil Rights Act, 1955 and the SC/ST (Prevention of Atrocities) Act, 1989?","Application mode: Through police, district administration/District Magistrate (relief), and State Social Welfare Department; courts can also order relief. Portal: https://socialjustice.gov.in (SC/ST PoA scheme); State SC/ST protection cells. Documents needed: FIR/crime records; caste certificate of victim; medical report where applicable; identity proof; bank account; dependants' proof; court orders if available. Helpline: State SC/ST Protection Cell; National Commission for Scheduled Castes; District Magistrate's office."
"SC-CEN-023","Centrally Sponsored Scheme for Implementation of the Protection of Civil Rights Act, 1955 and the SC/ST (Prevention of Atrocities) Act, 1989","SC & ST","Central","All India","What are the latest changes in Centrally Sponsored Scheme for Implementation of the Protection of Civil Rights Act, 1955 and the SC/ST (Prevention of Atrocities) Act, 1989?","Task force (report submitted July 2026) recommended inflation-linked enhancement of relief amounts, counselling for victims/accused, relief cells in every State/UT and 24-hour reporting of FIRs/chargesheets to officials (Last verified: 2026-09-23, confidence: High.)"
"SC-CEN-024","Information-Monitoring, Evaluation and Social Audit (formerly Information and Mass Education) scheme","SC & ST","Central","All India","What is Information-Monitoring, Evaluation and Social Audit (formerly Information and Mass Education) scheme (I-MESA)?","Information-Monitoring, Evaluation and Social Audit (formerly Information and Mass Education) scheme is a SC & ST scheme of Ministry of Social Justice and Empowerment, implemented at the central level in All India. Type: Central Sector Scheme. Launched: Renamed as I-MESA in 2021-22 (Information and Mass Education component runs since the 1990s). Status: Active. It aims to help SC/DNT communities (as information recipients); programme officials and implementing agencies (for monitoring and social audit). Benefit: Creates awareness of government schemes among SC communities, funds monitoring of implementation, evaluation studies and social audits for accountability"
"SC-CEN-024","Information-Monitoring, Evaluation and Social Audit (formerly Information and Mass Education) scheme","SC & ST","Central","All India","Who is eligible for Information-Monitoring, Evaluation and Social Audit (formerly Information and Mass Education) scheme?","Target group: SC/DNT communities (as information recipients); programme officials and implementing agencies (for monitoring and social audit). Beneficiary type: Community; Institution. Age: Not applicable. Income limit: Not applicable. Other conditions: Information dissemination campaigns, media/mass contact programmes, monitoring of field-level disputes, studies and social audits of SC welfare schemes Not eligible: Not a direct benefit transfer scheme for individuals"
"SC-CEN-024","Information-Monitoring, Evaluation and Social Audit (formerly Information and Mass Education) scheme","SC & ST","Central","All India","What benefits/amount does Information-Monitoring, Evaluation and Social Audit (formerly Information and Mass Education) scheme give?","Creates awareness of government schemes among SC communities, funds monitoring of implementation, evaluation studies and social audits for accountability Headline value: Scheme budget under the SC development umbrella (about Rs 50 crore per year range); funds state-level IEC activities and studies Funding pattern: 100% Central (Central Sector Scheme)."
"SC-CEN-024","Information-Monitoring, Evaluation and Social Audit (formerly Information and Mass Education) scheme","SC & ST","Central","All India","How do I apply for Information-Monitoring, Evaluation and Social Audit (formerly Information and Mass Education) scheme?","Application mode: Implemented by the Ministry with State departments, empanelled agencies and research institutions. Portal: https://socialjustice.gov.in. Documents needed: Not applicable for individuals - institutional proposals, media plans, study terms of reference. Helpline: Ministry of Social Justice & Empowerment."
"SC-CEN-024","Information-Monitoring, Evaluation and Social Audit (formerly Information and Mass Education) scheme","SC & ST","Central","All India","What happened to Information-Monitoring, Evaluation and Social Audit (formerly Information and Mass Education) scheme - is it still running?","Status: Active. Earlier scheme(s): Scheme of Information and Mass Education (IME). Now replaced/continued by: Not specified. Active period: 2021-22 to 2025-26 (part of the SC development umbrella). Renamed I-MESA in 2021-22 with added social-audit mandate; officials have emphasised output-based monitoring from 2024-25"
"SC-CEN-024","Information-Monitoring, Evaluation and Social Audit (formerly Information and Mass Education) scheme","SC & ST","Central","All India","What are the latest changes in Information-Monitoring, Evaluation and Social Audit (formerly Information and Mass Education) scheme?","Renamed I-MESA in 2021-22 with added social-audit mandate; officials have emphasised output-based monitoring from 2024-25 (Last verified: 2026-09-23, confidence: Medium.)"
"SC-CEN-025","Development Action Plan for Scheduled Castes and SC Sub-Plan strategy","SC","Central","All India","What is Development Action Plan for Scheduled Castes and SC Sub-Plan strategy (DAPSC / SCSP)?","Development Action Plan for Scheduled Castes and SC Sub-Plan strategy is a SC scheme of Multiple Central Ministries/Departments - every Ministry earmarks funds; monitored by the Ministry of Social Justice & Empowerment, implemented at the central level in All India. Type: Budgetary strategy (not a standalone scheme). Launched: 1979 Special Component Plan by States; DAPSC adopted in 2018-19 after the 2014-15 NITI Aayog framework. Status: Active. It aims to help Scheduled Caste population covered through all centrally funded development sectors. Benefit: An earmarking mechanism that guarantees a share of every development sector's budget for SC welfare - education, health, roads, housing, electrification, water supply and livelihood"
"SC-CEN-025","Development Action Plan for Scheduled Castes and SC Sub-Plan strategy","SC","Central","All India","Who is eligible for Development Action Plan for Scheduled Castes and SC Sub-Plan strategy?","Target group: Scheduled Caste population covered through all centrally funded development sectors. Beneficiary type: Community. Age: Not applicable. Income limit: Not applicable. Other conditions: States must earmark SC sub-plan funds in proportion to SC population; 41 Central Ministries earmark specified shares (2-17%) of their budget under DAPSC; both allocations are supposed to be non-divertible Not eligible: Funds under DAPSC/SCSP can be used only for activities permissible under the guidelines; unspent amounts lapse/adjust as per rules"
"SC-CEN-025","Development Action Plan for Scheduled Castes and SC Sub-Plan strategy","SC","Central","All India","What benefits/amount does Development Action Plan for Scheduled Castes and SC Sub-Plan strategy give?","An earmarking mechanism that guarantees a share of every development sector's budget for SC welfare - education, health, roads, housing, electrification, water supply and livelihood Headline value: Union Budget 2025-26 allocated about Rs 13,000+ crore of DAPSC/dedicated SC funding within the Ministry of Social Justice & Empowerment alone; total DAPSC across 41 ministries runs into lakhs of crores over five years Funding pattern: Earmarked share of each Ministry's budget (2% to 17%) plus State SC sub-plan funds."
"SC-CEN-025","Development Action Plan for Scheduled Castes and SC Sub-Plan strategy","SC","Central","All India","How do I apply for Development Action Plan for Scheduled Castes and SC Sub-Plan strategy?","Application mode: Not an application-based scheme - it is an allocation/monitoring framework. Portal: https://www.indiabudget.gov.in (Statement 13B/13C SC sub-plan statements). Documents needed: Not applicable for individuals. Helpline: Ministry of Social Justice & Empowerment / NITI Aayog."
"SC-CEN-025","Development Action Plan for Scheduled Castes and SC Sub-Plan strategy","SC","Central","All India","What happened to Development Action Plan for Scheduled Castes and SC Sub-Plan strategy - is it still running?","Status: Active. Earlier scheme(s): Special Component Plan (1979); SC Sub Plan; Special Central Assistance. Now replaced/continued by: Not specified. Active period: 1979 (States) and 2018-19 (Central DAPSC) onwards. Utilisation of DAPSC funds reviewed repeatedly by parliamentary committees (2024-26); emphasis on non-divergence and outcome-based monitoring; 2025-26 Budget retained the flagged SC budget streams"
"SC-CEN-025","Development Action Plan for Scheduled Castes and SC Sub-Plan strategy","SC","Central","All India","What are the latest changes in Development Action Plan for Scheduled Castes and SC Sub-Plan strategy?","Utilisation of DAPSC funds reviewed repeatedly by parliamentary committees (2024-26); emphasis on non-divergence and outcome-based monitoring; 2025-26 Budget retained the flagged SC budget streams (Last verified: 2026-09-23, confidence: High.)"
"SC-CEN-026","Scheme of Assistance to Scheduled Castes Development Corporations","SC","Central","All India (28 SCDCs covered)","What is Scheme of Assistance to Scheduled Castes Development Corporations (SCDC Assistance)?","Scheme of Assistance to Scheduled Castes Development Corporations is a SC scheme of Ministry of Social Justice and Empowerment, implemented at the central level in All India (28 SCDCs covered). Type: Central Sector Scheme. Launched: 1990s; continues as a component supporting State SC corporations. Status: Active. It aims to help SC families served through State SC Development Corporations; the SCDCs themselves. Benefit: Funds State SC Development Corporations to provide micro-credit, income-generating asset loans, skill training, and to strengthen their capacity to reach SC beneficiaries"
"SC-CEN-026","Scheme of Assistance to Scheduled Castes Development Corporations","SC","Central","All India (28 SCDCs covered)","Who is eligible for Scheme of Assistance to Scheduled Castes Development Corporations?","Target group: SC families served through State SC Development Corporations; the SCDCs themselves. Beneficiary type: Institution; Family. Age: Not applicable. Income limit: Beneficiary families below double the poverty line (for credit routed through SCDCs). Other conditions: State SC Development Corporations receive central support for share capital, micro-credit and skill development to serve SC families; applies to States/UTs with an SCDC Not eligible: Central support is to corporations, not to individuals directly"
"SC-CEN-026","Scheme of Assistance to Scheduled Castes Development Corporations","SC","Central","All India (28 SCDCs covered)","What benefits/amount does Scheme of Assistance to Scheduled Castes Development Corporations give?","Funds State SC Development Corporations to provide micro-credit, income-generating asset loans, skill training, and to strengthen their capacity to reach SC beneficiaries Headline value: Central share capital and support in the range of Rs 1-3 crore per State agency per cycle (varies); supports lending at 4-6% to beneficiaries Funding pattern: 100% Central to State corporations."
"SC-CEN-026","Scheme of Assistance to Scheduled Castes Development Corporations","SC","Central","All India (28 SCDCs covered)","How do I apply for Scheme of Assistance to Scheduled Castes Development Corporations?","Application mode: Through State SC Development Corporations (for beneficiaries: walk-in applications at the SCDC/branch office or via State portals). Portal: https://socialjustice.gov.in / respective State SCDC websites. Documents needed: For individuals: caste certificate, income proof, Aadhaar, project details. Helpline: State Scheduled Castes Development Corporation helplines."
"SC-CEN-026","Scheme of Assistance to Scheduled Castes Development Corporations","SC","Central","All India (28 SCDCs covered)","What are the latest changes in Scheme of Assistance to Scheduled Castes Development Corporations?","Government has pushed SCDCs toward digital loan management and convergence with PM-AJAY grants in 2024-26 (Last verified: 2026-09-23, confidence: Medium.)"
"ST-CEN-001","Eklavya Model Residential Schools","ST","Central","All India (tribal blocks and areas with 50%+ ST population)","What is Eklavya Model Residential Schools (EMRS)?","Eklavya Model Residential Schools is a ST scheme of Ministry of Tribal Affairs, implemented at the central level in All India (tribal blocks and areas with 50%+ ST population). Type: Central Sector Scheme. Launched: 1997-98 (as a scheme of the Ministry of Tribal Affairs); revamped as a Central Sector Scheme from 2018-19 with NESTS. Status: Active. It aims to help ST students, especially from remote tribal areas and PVTG habitations. Benefit: Free, high-quality residential education from Class VI to XII with boarding, lodging, books, uniforms, sports and extra-curricular facilities, plus skill and vocational modules"
"ST-CEN-001","Eklavya Model Residential Schools","ST","Central","All India (tribal blocks and areas with 50%+ ST population)","Who is eligible for Eklavya Model Residential Schools?","Target group: ST students, especially from remote tribal areas and PVTG habitations. Beneficiary type: Student. Age: School students from Class VI to Class XII. Income limit: No income ceiling; eligibility based on ST status and residence in tribal areas; selection test/merit per State norms. Other conditions: Normally one EMRS in every block with more than 50% ST population and at least 20,000 tribal persons; admission for Classes VI and XI (vacancies in other classes where available) Not eligible: Non-ST students are not eligible; students must reside in the school hostel"
"ST-CEN-001","Eklavya Model Residential Schools","ST","Central","All India (tribal blocks and areas with 50%+ ST population)","What benefits/amount does Eklavya Model Residential Schools give?","Free, high-quality residential education from Class VI to XII with boarding, lodging, books, uniforms, sports and extra-curricular facilities, plus skill and vocational modules Headline value: Fully funded school education - no fees; about 728 EMRS to be functional by March 2026, serving about 3.5 lakh tribal students; recurring cost per student met by the Centre Funding pattern: 100% Central (Central Sector Scheme); States provide land and some infrastructure."
"ST-CEN-001","Eklavya Model Residential Schools","ST","Central","All India (tribal blocks and areas with 50%+ ST population)","How do I apply for Eklavya Model Residential Schools?","Application mode: Online admission test/application notified by NESTS/State tribal department each year. Portal: https://emrs.tribal.gov.in. Documents needed: ST (caste/tribe) certificate; domicile/residence proof; Class V/VIII marksheet or school certificate; Aadhaar; photograph; income certificate (where required by State). Helpline: NESTS/EMRS helpline, Ministry of Tribal Affairs (011-23073706)."
"ST-CEN-001","Eklavya Model Residential Schools","ST","Central","All India (tribal blocks and areas with 50%+ ST population)","What are the latest changes in Eklavya Model Residential Schools?","40 new EMRS inaugurated in 2024-25 with foundations for 25 more; target to make 728 EMRS functional by March 2026; large share of new schools located in PVTG blocks (Last verified: 2026-09-23, confidence: High.)"
"ST-CEN-002","Post-Matric Scholarship for Scheduled Tribe Students","ST","Central","All India","What is Post-Matric Scholarship for Scheduled Tribe Students (PMS-ST)?","Post-Matric Scholarship for Scheduled Tribe Students is a ST scheme of Ministry of Tribal Affairs, implemented at the central level in All India. Type: Centrally Sponsored Scheme. Launched: Long-standing scheme (post-independence era); norms revised from 2012-13, rates revised 2019-20. Status: Active. It aims to help ST students from Class XI to post-graduate and professional courses. Benefit: Full compulsory course fees plus monthly maintenance allowance, book grant and study-tour support for ST students in secondary and higher education"
"ST-CEN-002","Post-Matric Scholarship for Scheduled Tribe Students","ST","Central","All India","Who is eligible for Post-Matric Scholarship for Scheduled Tribe Students?","Target group: ST students from Class XI to post-graduate and professional courses. Beneficiary type: Student. Age: Not specified in the scheme guidelines. Income limit: Family annual income up to Rs 2,50,000. Other conditions: ST student pursuing any recognised course whose minimum qualification is matriculation (Class X) or above, in a recognised institution in India Not eligible: Student must not draw any other centrally funded scholarship; failure to pass/promote leads to loss of scholarship; Aadhaar-linked DBT compulsory"
"ST-CEN-002","Post-Matric Scholarship for Scheduled Tribe Students","ST","Central","All India","What benefits/amount does Post-Matric Scholarship for Scheduled Tribe Students give?","Full compulsory course fees plus monthly maintenance allowance, book grant and study-tour support for ST students in secondary and higher education Headline value: Maintenance allowance about Rs 230 to Rs 1,200 per month depending on course group and hosteller/day-scholar status, plus compulsory non-refundable fees; about 30 lakh ST students covered across all scholarship schemes annually Funding pattern: Centrally Sponsored - 60:40 Centre:State (90:10 for NE and Himalayan States)."
"ST-CEN-002","Post-Matric Scholarship for Scheduled Tribe Students","ST","Central","All India","How do I apply for Post-Matric Scholarship for Scheduled Tribe Students?","Application mode: Online through the National Scholarship Portal / DBT Tribal portal with State verification. Portal: https://scholarships.gov.in / https://dbttribal.gov.in. Documents needed: ST certificate; income certificate (up to Rs 2.5 lakh); Class 10 marksheet; admission proof and fee receipt; Aadhaar-seeded bank account; Aadhaar; photo. Helpline: State Tribal Welfare Department; NSP helpline 0120-6619540."
"ST-CEN-002","Post-Matric Scholarship for Scheduled Tribe Students","ST","Central","All India","What are the latest changes in Post-Matric Scholarship for Scheduled Tribe Students?","Rs 2,598 crore released in FY 2024-25 vs Rs 2,669 crore in FY 2023-24; States instructed to settle institutional dues through DBT; NSP integration strengthened (Last verified: 2026-09-23, confidence: High.)"
"ST-CEN-003","Pre-Matric Scholarship for Scheduled Tribe Students (Classes IX and X)","ST","Central","All India","What is Pre-Matric Scholarship for Scheduled Tribe Students (Classes IX and X) (Pre-Matric ST)?","Pre-Matric Scholarship for Scheduled Tribe Students (Classes IX and X) is a ST scheme of Ministry of Tribal Affairs, implemented at the central level in All India. Type: Centrally Sponsored Scheme. Launched: 1990s; revised from 2012-13 with rates revised in 2019-20. Status: Active. It aims to help ST students studying in Classes IX and X. Benefit: Monthly scholarship to help ST students continue from upper-primary to secondary stage and reduce drop-out"
"ST-CEN-003","Pre-Matric Scholarship for Scheduled Tribe Students (Classes IX and X)","ST","Central","All India","Who is eligible for Pre-Matric Scholarship for Scheduled Tribe Students (Classes IX and X)?","Target group: ST students studying in Classes IX and X. Beneficiary type: Student. Age: Age-appropriate for Classes IX and X. Income limit: Parental annual income from all sources up to Rs 2,50,000. Other conditions: ST student in Class IX or X in a government/government-recognised school; regular attendance and appearance in the annual examination Not eligible: Only Classes IX and X are covered; no other centrally funded scholarship of the same nature can be held simultaneously"
"ST-CEN-003","Pre-Matric Scholarship for Scheduled Tribe Students (Classes IX and X)","ST","Central","All India","What benefits/amount does Pre-Matric Scholarship for Scheduled Tribe Students (Classes IX and X) give?","Monthly scholarship to help ST students continue from upper-primary to secondary stage and reduce drop-out Headline value: Rs 225 per month for day scholars and Rs 525 per month for hostellers, for 10 months in a year (revised rates); annual book grant as applicable Funding pattern: Centrally Sponsored - 60:40 (90:10 for NE and Himalayan States)."
"ST-CEN-003","Pre-Matric Scholarship for Scheduled Tribe Students (Classes IX and X)","ST","Central","All India","How do I apply for Pre-Matric Scholarship for Scheduled Tribe Students (Classes IX and X)?","Application mode: Online through the National Scholarship Portal with school verification. Portal: https://scholarships.gov.in / https://dbttribal.gov.in. Documents needed: ST certificate; income certificate; Aadhaar; bank account; school admission proof/promotion certificate; photo. Helpline: State Tribal Welfare Department; NSP helpline 0120-6619540."
"ST-CEN-003","Pre-Matric Scholarship for Scheduled Tribe Students (Classes IX and X)","ST","Central","All India","What are the latest changes in Pre-Matric Scholarship for Scheduled Tribe Students (Classes IX and X)?","Central funds released: Rs 308.60 crore in FY 2023-24 and Rs 163.69 crore in FY 2024-25; States asked to speed up verification on NSP (Last verified: 2026-09-23, confidence: High.)"
"ST-CEN-004","National Fellowship and Scholarship for Higher Education of Scheduled Tribe Students","ST","Central","All India","What is National Fellowship and Scholarship for Higher Education of Scheduled Tribe Students (NFST / Top Class ST)?","National Fellowship and Scholarship for Higher Education of Scheduled Tribe Students is a ST scheme of Ministry of Tribal Affairs, implemented at the central level in All India. Type: Central Sector Schemes (Fellowship + Scholarship components). Launched: Fellowship component running since 2000s with new design from 2019-20; Top Class Scholarship from 2013-14. Status: Active. It aims to help Meritorious ST students pursuing higher education in premier institutes (Top Class) and MPhil/PhD (Fellowship). Benefit: Monthly fellowship for research scholars and, under the Top Class component, tuition and living allowance for ST students in premier institutions"
"ST-CEN-004","National Fellowship and Scholarship for Higher Education of Scheduled Tribe Students","ST","Central","All India","Who is eligible for National Fellowship and Scholarship for Higher Education of Scheduled Tribe Students?","Target group: Meritorious ST students pursuing higher education in premier institutes (Top Class) and MPhil/PhD (Fellowship). Beneficiary type: Student; Researcher. Age: As per institute norms for the course. Income limit: Fellowship - no income ceiling; Top Class Scholarship - family income up to Rs 6 lakh per annum. Other conditions: Fellowship: 750 fresh ST scholars per year selected on merit in the Master's degree for MPhil/PhD, with preference to girls, divyangjan and PVTG candidates. Top Class: admission to prescribed courses in about 252-265 identified premier institutes (IITs, IIMs, AIIMS, NITs etc.) Not eligible: Candidates receiving another fellowship/salary cannot hold this fellowship; award requires submission of progress reports"
"ST-CEN-004","National Fellowship and Scholarship for Higher Education of Scheduled Tribe Students","ST","Central","All India","What benefits/amount does National Fellowship and Scholarship for Higher Education of Scheduled Tribe Students give?","Monthly fellowship for research scholars and, under the Top Class component, tuition and living allowance for ST students in premier institutions Headline value: Fellowship: MPhil Rs 25,000 per month and PhD Rs 28,000 per month (as per latest rates) plus contingency; 750 fresh fellowships per year. Top Class: full tuition, living expenses, book grant and computer allowance, income ceiling Rs 6 lakh Funding pattern: 100% Central (Central Sector Schemes)."
"ST-CEN-004","National Fellowship and Scholarship for Higher Education of Scheduled Tribe Students","ST","Central","All India","How do I apply for National Fellowship and Scholarship for Higher Education of Scheduled Tribe Students?","Application mode: Online through the National Fellowship portal/Digital Bharat portal; merit lists published by the Ministry. Portal: https://fellowship.tribal.gov.in / https://scholarships.gov.in. Documents needed: ST certificate; PG degree marksheets; admission/registration proof; bank details; Aadhaar; undertaking and guide's endorsement; income certificate for the Top Class component. Helpline: Ministry of Tribal Affairs fellowship desk; 011-23073706."
"ST-CEN-004","National Fellowship and Scholarship for Higher Education of Scheduled Tribe Students","ST","Central","All India","What happened to National Fellowship and Scholarship for Higher Education of Scheduled Tribe Students - is it still running?","Status: Active. Earlier scheme(s): Rajiv Gandhi National Fellowship for ST (earlier design). Now replaced/continued by: Not specified. Active period: Continuous. Applications invited for the 2025-26 cycle (closing 31 October 2025); list of eligible institutes expanded to 252; merit lists published on the Ministry site"
"ST-CEN-004","National Fellowship and Scholarship for Higher Education of Scheduled Tribe Students","ST","Central","All India","What are the latest changes in National Fellowship and Scholarship for Higher Education of Scheduled Tribe Students?","Applications invited for the 2025-26 cycle (closing 31 October 2025); list of eligible institutes expanded to 252; merit lists published on the Ministry site (Last verified: 2026-09-23, confidence: High.)"
"ST-CEN-005","National Overseas Scholarship for Scheduled Tribe Students","ST","Central","All India","What is National Overseas Scholarship for Scheduled Tribe Students (NOS-ST)?","National Overseas Scholarship for Scheduled Tribe Students is a ST scheme of Ministry of Tribal Affairs, implemented at the central level in All India. Type: Central Sector Scheme. Launched: Running since the 2000s; guidelines revised in 2019-20 and later. Status: Active. It aims to help ST students pursuing Master's, PhD and post-doctoral courses abroad. Benefit: Financial assistance covering tuition, maintenance, airfare, visa and related costs for higher studies abroad"
"ST-CEN-005","National Overseas Scholarship for Scheduled Tribe Students","ST","Central","All India","Who is eligible for National Overseas Scholarship for Scheduled Tribe Students?","Target group: ST students pursuing Master's, PhD and post-doctoral courses abroad. Beneficiary type: Student. Age: As per the scheme guidelines (normally below 35 years for Master's and below 40 for PhD). Income limit: Family income ceiling as prescribed in the scheme guidelines (verify current ceiling). Other conditions: ST candidate with a good academic record and confirmed admission to a recognised foreign university for a prescribed Master's/PhD/post-doctoral course; must return to India after completion Not eligible: Undergraduate courses are not covered; award is subject to the annual slot ceiling"
"ST-CEN-005","National Overseas Scholarship for Scheduled Tribe Students","ST","Central","All India","What benefits/amount does National Overseas Scholarship for Scheduled Tribe Students give?","Financial assistance covering tuition, maintenance, airfare, visa and related costs for higher studies abroad Headline value: Financial assistance as per NOS-ST norms; about 20 awards per year (including reserved slots for PVTG candidates); annual maintenance component comparable to the SC overseas scheme (about USD 15,400 per year) plus tuition and other grants Funding pattern: 100% Central; funds routed through the Ministry of External Affairs/embassies."
"ST-CEN-005","National Overseas Scholarship for Scheduled Tribe Students","ST","Central","All India","How do I apply for National Overseas Scholarship for Scheduled Tribe Students?","Application mode: Online application through the dedicated NOS portal. Portal: https://overseas.tribal.gov.in. Documents needed: ST certificate; admission offer letter; degree marksheets; income certificate; passport; bank details; language proficiency score. Helpline: Ministry of Tribal Affairs overseas scholarship desk."
"ST-CEN-005","National Overseas Scholarship for Scheduled Tribe Students","ST","Central","All India","What are the latest changes in National Overseas Scholarship for Scheduled Tribe Students?","Selection year 2025-26 lists published; PVTG-specific slots retained; emphasis on top-ranked global universities; mandatory return to India (Last verified: 2026-09-23, confidence: High.)"
"ST-CEN-006","Pradhan Mantri Janjati Adivasi Nyaya Maha Abhiyan","PVTG","Central","All India (PVTG habitations in 18 States/UTs)","What is Pradhan Mantri Janjati Adivasi Nyaya Maha Abhiyan (PM-JANMAN)?","Pradhan Mantri Janjati Adivasi Nyaya Maha Abhiyan is a PVTG scheme of Ministry of Tribal Affairs (coordinating 9 Central Ministries), implemented at the central level in All India (PVTG habitations in 18 States/UTs). Type: Central Sector/Centrally Sponsored mission (multi-ministry convergence). Launched: 15 November 2023 (Janjatiya Gaurav Divas, from Khunti, Jharkhand). Status: Active. It aims to help Particularly Vulnerable Tribal Groups (PVTGs) - 75 PVTGs across the country. Benefit: Saturation of PVTG habitations with pucca houses, roads, mobile connectivity, electricity, solar power, drinking water, community water supply, education (hostels, anganwadis), health facilities, and skill/livelihood support"
"ST-CEN-006","Pradhan Mantri Janjati Adivasi Nyaya Maha Abhiyan","PVTG","Central","All India (PVTG habitations in 18 States/UTs)","Who is eligible for Pradhan Mantri Janjati Adivasi Nyaya Maha Abhiyan?","Target group: Particularly Vulnerable Tribal Groups (PVTGs) - 75 PVTGs across the country. Beneficiary type: Family; Village; Community. Age: Not applicable. Income limit: No separate income ceiling; eligibility is PVTG habitation/residence. Other conditions: PVTG households in habitations identified by the Ministry of Tribal Affairs (about 4.9 lakh households); benefits delivered through 11 critical interventions Not eligible: Non-PVTG households in the same village may be covered only for common infrastructure, per guidelines"
"ST-CEN-006","Pradhan Mantri Janjati Adivasi Nyaya Maha Abhiyan","PVTG","Central","All India (PVTG habitations in 18 States/UTs)","What benefits/amount does Pradhan Mantri Janjati Adivasi Nyaya Maha Abhiyan give?","Saturation of PVTG habitations with pucca houses, roads, mobile connectivity, electricity, solar power, drinking water, community water supply, education (hostels, anganwadis), health facilities, and skill/livelihood support Headline value: Total outlay Rs 24,104 crore (Centre Rs 15,336 crore + States Rs 8,768 crore) - the largest ever scheme for PVTGs. About 4.9 lakh pucca houses at about Rs 2.39 lakh per house; 500 hostels at about Rs 2.75 crore each; 2,500 anganwadi centres; 3,000 mobile towers; 8,000 km of roads; multi-purpose centres; 1,000 mobile medical units and solar power to 1.5 lakh households Funding pattern: Centrally Sponsored with State share; convergence with existing ministries' budgets (DAPST)."
"ST-CEN-006","Pradhan Mantri Janjati Adivasi Nyaya Maha Abhiyan","PVTG","Central","All India (PVTG habitations in 18 States/UTs)","How do I apply for Pradhan Mantri Janjati Adivasi Nyaya Maha Abhiyan?","Application mode: Beneficiary identification through baseline surveys by States/UTs; works executed by line departments; no individual application in most components. Portal: https://tribal.nic.in (PM-JANMAN dashboard). Documents needed: Household survey/baseline listing as PVTG; Aadhaar; bank account; for housing - land documents as applicable. Helpline: Ministry of Tribal Affairs PM-JANMAN cell; State Tribal Development Departments."
"ST-CEN-006","Pradhan Mantri Janjati Adivasi Nyaya Maha Abhiyan","PVTG","Central","All India (PVTG habitations in 18 States/UTs)","What happened to Pradhan Mantri Janjati Adivasi Nyaya Maha Abhiyan - is it still running?","Status: Active. Earlier scheme(s): Not specified. Now replaced/continued by: Extends logic to all tribal villages through DAJGUA (2024). Active period: 2023-24 to 2025-26 (with further continuation provisions); 9-year vision planning. Launched November 2023; first villages saturated in 2024-25 with housing, water and road assets; allocation for multi-purpose centres doubled from Rs 150 crore to Rs 300 crore in Budget 2025-26"
"ST-CEN-006","Pradhan Mantri Janjati Adivasi Nyaya Maha Abhiyan","PVTG","Central","All India (PVTG habitations in 18 States/UTs)","What are the latest changes in Pradhan Mantri Janjati Adivasi Nyaya Maha Abhiyan?","Launched November 2023; first villages saturated in 2024-25 with housing, water and road assets; allocation for multi-purpose centres doubled from Rs 150 crore to Rs 300 crore in Budget 2025-26 (Last verified: 2026-09-23, confidence: High.)"
"ST-CEN-007","Dharti Aaba Janjatiya Gram Utkarsh Abhiyan","ST","Central","All India (tribal-majority villages in 30 States/UTs)","What is Dharti Aaba Janjatiya Gram Utkarsh Abhiyan (DAJGUA)?","Dharti Aaba Janjatiya Gram Utkarsh Abhiyan is a ST scheme of Ministry of Tribal Affairs (nodal; 17 line ministries implementing), implemented at the central level in All India (tribal-majority villages in 30 States/UTs). Type: Mission with convergence funding (Development Action Plan for Scheduled Tribes - DAPST). Launched: 2 October 2024 (launched from Hazaribagh, Jharkhand). Status: Active. It aims to help Tribal-majority villages and aspirational blocks - about 5 crore tribal people. Benefit: Saturation of critical gaps in social infrastructure, health, education, livelihood and connectivity through 25 interventions, including all-weather roads, mobile connectivity, tribal hostels, multipurpose marketing centres, tourist home-stays, FRA patta holder support, sickle-cell disease centres of competence and mobile medical units"
"ST-CEN-007","Dharti Aaba Janjatiya Gram Utkarsh Abhiyan","ST","Central","All India (tribal-majority villages in 30 States/UTs)","Who is eligible for Dharti Aaba Janjatiya Gram Utkarsh Abhiyan?","Target group: Tribal-majority villages and aspirational blocks - about 5 crore tribal people. Beneficiary type: Village; Family; Community. Age: Not applicable. Income limit: Not applicable (village-based saturation approach). Other conditions: Villages with more than 50% ST population and population above 500, plus aspirational blocks; 63,843 villages in 549 districts and 2,911 blocks across 30 States/UTs Not eligible: Not an individual application scheme - interventions are planned village-wise by States/line ministries"
"ST-CEN-007","Dharti Aaba Janjatiya Gram Utkarsh Abhiyan","ST","Central","All India (tribal-majority villages in 30 States/UTs)","What benefits/amount does Dharti Aaba Janjatiya Gram Utkarsh Abhiyan give?","Saturation of critical gaps in social infrastructure, health, education, livelihood and connectivity through 25 interventions, including all-weather roads, mobile connectivity, tribal hostels, multipurpose marketing centres, tourist home-stays, FRA patta holder support, sickle-cell disease centres of competence and mobile medical units Headline value: Total outlay Rs 79,156 crore over five years (Centre Rs 56,333 crore + States Rs 22,823 crore). Includes 100 tribal multipurpose marketing centres, 25 focus interventions, support for FRA patta holders in agriculture/animal husbandry/fisheries Funding pattern: Convergence of DAPST funds of 17 ministries with States' own resources."
"ST-CEN-007","Dharti Aaba Janjatiya Gram Utkarsh Abhiyan","ST","Central","All India (tribal-majority villages in 30 States/UTs)","How do I apply for Dharti Aaba Janjatiya Gram Utkarsh Abhiyan?","Application mode: Village-level planning by line ministries/States; monitored on the PM Gati Shakti portal with district awards for performance. Portal: https://tribal.nic.in/dajgua.aspx. Documents needed: Village plans; beneficiary lists as per component (Aadhaar, bank account, FRA patta etc.). Helpline: Ministry of Tribal Affairs DAJGUA cell (dajgua@tribal.gov.in); District Tribal Welfare Officers."
"ST-CEN-007","Dharti Aaba Janjatiya Gram Utkarsh Abhiyan","ST","Central","All India (tribal-majority villages in 30 States/UTs)","What happened to Dharti Aaba Janjatiya Gram Utkarsh Abhiyan - is it still running?","Status: Active. Earlier scheme(s): Learned from PM-JANMAN (2023) and subsumed/expanded Pradhan Mantri Adi Adarsh Gram Yojana. Now replaced/continued by: Not specified. Active period: 2024-25 to 2028-29 (5 years). Launched 2 October 2024; Budget 2025-26 allocation for DAJGUA quadrupled from Rs 500 crore to Rs 2,000 crore; PMAAGY subsumed under DAJGUA; first progress review in 2025-26"
"ST-CEN-007","Dharti Aaba Janjatiya Gram Utkarsh Abhiyan","ST","Central","All India (tribal-majority villages in 30 States/UTs)","What are the latest changes in Dharti Aaba Janjatiya Gram Utkarsh Abhiyan?","Launched 2 October 2024; Budget 2025-26 allocation for DAJGUA quadrupled from Rs 500 crore to Rs 2,000 crore; PMAAGY subsumed under DAJGUA; first progress review in 2025-26 (Last verified: 2026-09-23, confidence: High.)"
"ST-CEN-008","Pradhan Mantri Adi Adarsh Gram Yojana","ST","Central","All India (tribal villages)","What is Pradhan Mantri Adi Adarsh Gram Yojana (PMAAGY)?","Pradhan Mantri Adi Adarsh Gram Yojana is a ST scheme of Ministry of Tribal Affairs, implemented at the central level in All India (tribal villages). Type: Centrally Sponsored Scheme. Launched: 2021-22 (with a revised framework issued in 2023). Status: Active (subsumed under DAJGUA). It aims to help Tribal villages with more than 50% ST population, including PVTG-majority villages. Benefit: Gap-filling support to turn tribal-majority villages into model villages - roads, water, education, health, nutrition, sanitation, livelihood, electrification and digital access"
"ST-CEN-008","Pradhan Mantri Adi Adarsh Gram Yojana","ST","Central","All India (tribal villages)","Who is eligible for Pradhan Mantri Adi Adarsh Gram Yojana?","Target group: Tribal villages with more than 50% ST population, including PVTG-majority villages. Beneficiary type: Village. Age: Not applicable. Income limit: Not applicable. Other conditions: Villages with more than 50% ST population; interventions in 9 sectors through 25 components; villages prioritised by tribal population and gaps Not eligible: Listed-component funding must remain within approved village plans"
"ST-CEN-008","Pradhan Mantri Adi Adarsh Gram Yojana","ST","Central","All India (tribal villages)","What benefits/amount does Pradhan Mantri Adi Adarsh Gram Yojana give?","Gap-filling support to turn tribal-majority villages into model villages - roads, water, education, health, nutrition, sanitation, livelihood, electrification and digital access Headline value: Component-wise grants per village as per approved plans (village-level outlays vary); the expanded framework under DAJGUA carries a five-year outlay of about Rs 80,000 crore for the combined mission Funding pattern: Centrally Sponsored with State share through DAPST convergence."
"ST-CEN-008","Pradhan Mantri Adi Adarsh Gram Yojana","ST","Central","All India (tribal villages)","How do I apply for Pradhan Mantri Adi Adarsh Gram Yojana?","Application mode: Through State Tribal Development Departments; village plans and gap assessments. Portal: https://tribal.nic.in. Documents needed: Village plan; ST population data; Gram Sabha resolution; utilisation certificates. Helpline: Ministry of Tribal Affairs; State Tribal Welfare Departments."
"ST-CEN-008","Pradhan Mantri Adi Adarsh Gram Yojana","ST","Central","All India (tribal villages)","What happened to Pradhan Mantri Adi Adarsh Gram Yojana - is it still running?","Status: Active (subsumed under DAJGUA). Earlier scheme(s): Not specified. Now replaced/continued by: DAJGUA (expanded scope from October 2024). Active period: 2021-22 onwards; expanded and subsumed into DAJGUA from 2024-25. Expanded and subsumed under DAJGUA in October 2024 with the outlay rising to about Rs 80,000 crore over five years"
"ST-CEN-008","Pradhan Mantri Adi Adarsh Gram Yojana","ST","Central","All India (tribal villages)","What are the latest changes in Pradhan Mantri Adi Adarsh Gram Yojana?","Expanded and subsumed under DAJGUA in October 2024 with the outlay rising to about Rs 80,000 crore over five years (Last verified: 2026-09-23, confidence: High.)"
"ST-CEN-009","Pradhan Mantri Janjatiya Vikas Mission (Van Dhan + MSP for MFP)","ST","Central","All India","What is Pradhan Mantri Janjatiya Vikas Mission (Van Dhan + MSP for MFP) (PMJVM)?","Pradhan Mantri Janjatiya Vikas Mission (Van Dhan + MSP for MFP) is a ST scheme of Ministry of Tribal Affairs (implemented through TRIFED), implemented at the central level in All India. Type: Central Sector Scheme (100% central funding). Launched: PMVDY launched 14 April 2018; MSP for MFP operational from 2013-14; both consolidated into PMJVM from 2021-22. Status: Active. It aims to help Tribal gatherers of minor forest produce (MFP), tribal artisans, tribal entrepreneurs and SHGs. Benefit: MSP-backed procurement of minor forest produce, value addition and market linkage for tribal products, e-commerce/retail support (Tribes India) and micro-enterprise training for tribal SHG clusters"
"ST-CEN-009","Pradhan Mantri Janjatiya Vikas Mission (Van Dhan + MSP for MFP)","ST","Central","All India","Who is eligible for Pradhan Mantri Janjatiya Vikas Mission (Van Dhan + MSP for MFP)?","Target group: Tribal gatherers of minor forest produce (MFP), tribal artisans, tribal entrepreneurs and SHGs. Beneficiary type: Individual; SHG; Entrepreneur. Age: Not applicable. Income limit: No income ceiling; intended for tribal MFP gatherers and artisans. Other conditions: Van Dhan Vikas Kendras (VDVK) are formed as clusters of 15 tribal SHGs with about 300 members each; Value Chain Development Centres process and market MFP; MSP procurement through State agencies Not eligible: Non-tribal producers are not eligible for MFP MSP support; benefits flow through SHG clusters"
"ST-CEN-009","Pradhan Mantri Janjatiya Vikas Mission (Van Dhan + MSP for MFP)","ST","Central","All India","What benefits/amount does Pradhan Mantri Janjatiya Vikas Mission (Van Dhan + MSP for MFP) give?","MSP-backed procurement of minor forest produce, value addition and market linkage for tribal products, e-commerce/retail support (Tribes India) and micro-enterprise training for tribal SHG clusters Headline value: MSP notified for 50+ MFPs (2021) including tendu, bamboo, honey, lac, gums; VDVKs get working capital of about Rs 15 lakh per cluster; allocation under PMJVM raised to about Rs 380 crore in FY 2025-26 (from about Rs 152 crore) Funding pattern: 100% Central through TRIFED and State agencies."
"ST-CEN-009","Pradhan Mantri Janjatiya Vikas Mission (Van Dhan + MSP for MFP)","ST","Central","All India","How do I apply for Pradhan Mantri Janjatiya Vikas Mission (Van Dhan + MSP for MFP)?","Application mode: Through State Tribal Development/Cooperation Departments; SHG clusters registered as VDVKs; procurement through designated MSP centres. Portal: https://trifed.tribal.gov.in / https://www.trifed.in. Documents needed: ST certificate; SHG membership; bank account; MFP produce records; artisan/vendor registration for Tribes India. Helpline: TRIFED, New Delhi; State Tribal Development Department."
"ST-CEN-009","Pradhan Mantri Janjatiya Vikas Mission (Van Dhan + MSP for MFP)","ST","Central","All India","What happened to Pradhan Mantri Janjatiya Vikas Mission (Van Dhan + MSP for MFP) - is it still running?","Status: Active. Earlier scheme(s): Pradhan Mantri Van Dhan Yojana (2018) and the Scheme of MSP for Minor Forest Produce (2013-14). Now replaced/continued by: Not specified. Active period: 2018-19 onwards (PMJVM 2021-22 to 2025-26, continuing). Van Dhan integrated with PMJVM to build tribal producer companies; 50 MFPs covered by MSP; allocation for PMJVM raised to Rs 380.40 crore in FY 2025-26; ongoing tie-ups for tribal product exports"
"ST-CEN-009","Pradhan Mantri Janjatiya Vikas Mission (Van Dhan + MSP for MFP)","ST","Central","All India","What are the latest changes in Pradhan Mantri Janjatiya Vikas Mission (Van Dhan + MSP for MFP)?","Van Dhan integrated with PMJVM to build tribal producer companies; 50 MFPs covered by MSP; allocation for PMJVM raised to Rs 380.40 crore in FY 2025-26; ongoing tie-ups for tribal product exports (Last verified: 2026-09-23, confidence: High.)"
"ST-CEN-010","Development of Particularly Vulnerable Tribal Groups (PVTG) Development Plan","PVTG","Central","All India (18 States/UTs, 75 PVTGs)","What is Development of Particularly Vulnerable Tribal Groups (PVTG) Development Plan (PVTG Development Plan)?","Development of Particularly Vulnerable Tribal Groups (PVTG) Development Plan is a PVTG scheme of Ministry of Tribal Affairs, implemented at the central level in All India (18 States/UTs, 75 PVTGs). Type: Central Sector Scheme. Launched: 1975-76 (identification of primitive tribes); PVTG plan formalised in subsequent Five Year Plans. Status: Active. It aims to help 75 Particularly Vulnerable Tribal Groups (PVTGs) identified across 18 States/UTs and one UT. Benefit: Habitat protection, land development, housing, drinking water, education support, health care and livelihood support for the most vulnerable tribal communities"
"ST-CEN-010","Development of Particularly Vulnerable Tribal Groups (PVTG) Development Plan","PVTG","Central","All India (18 States/UTs, 75 PVTGs)","Who is eligible for Development of Particularly Vulnerable Tribal Groups (PVTG) Development Plan?","Target group: 75 Particularly Vulnerable Tribal Groups (PVTGs) identified across 18 States/UTs and one UT. Beneficiary type: Community; Family. Age: Not applicable. Income limit: Not applicable. Other conditions: Communities classified as PVTG (previously Primitive Tribal Groups) living in identified habitations; State-verified lists Not eligible: Interventions must be in the approved State PVTG plan; land and habitat protection compulsory"
"ST-CEN-010","Development of Particularly Vulnerable Tribal Groups (PVTG) Development Plan","PVTG","Central","All India (18 States/UTs, 75 PVTGs)","What benefits/amount does Development of Particularly Vulnerable Tribal Groups (PVTG) Development Plan give?","Habitat protection, land development, housing, drinking water, education support, health care and livelihood support for the most vulnerable tribal communities Headline value: Central assistance to States for PVTG-focused activities (roughly Rs 25-30 crore per annum range as a centrally sponsored component) plus the much larger PM-JANMAN outlay of Rs 24,104 crore Funding pattern: Centrally Sponsored - Central assistance with State complementarity; 100% central for some components."
"ST-CEN-010","Development of Particularly Vulnerable Tribal Groups (PVTG) Development Plan","PVTG","Central","All India (18 States/UTs, 75 PVTGs)","How do I apply for Development of Particularly Vulnerable Tribal Groups (PVTG) Development Plan?","Application mode: State Annual Action Plans; household-level benefit lists maintained by State Tribal Departments. Portal: https://tribal.nic.in. Documents needed: PVTG household verification; State-approved beneficiary lists; Aadhaar; bank account. Helpline: State Tribal Development Department; Ministry of Tribal Affairs."
"ST-CEN-010","Development of Particularly Vulnerable Tribal Groups (PVTG) Development Plan","PVTG","Central","All India (18 States/UTs, 75 PVTGs)","What happened to Development of Particularly Vulnerable Tribal Groups (PVTG) Development Plan - is it still running?","Status: Active. Earlier scheme(s): Not specified. Now replaced/continued by: Complemented by PM-JANMAN (2023) and DAJGUA (2024). Active period: 1975 onwards; continues alongside PM-JANMAN. Continued in parallel with PM-JANMAN in 2024-26 for activities not covered by saturation interventions; States now report against both frameworks"
"ST-CEN-010","Development of Particularly Vulnerable Tribal Groups (PVTG) Development Plan","PVTG","Central","All India (18 States/UTs, 75 PVTGs)","What are the latest changes in Development of Particularly Vulnerable Tribal Groups (PVTG) Development Plan?","Continued in parallel with PM-JANMAN in 2024-26 for activities not covered by saturation interventions; States now report against both frameworks (Last verified: 2026-09-23, confidence: Medium.)"
"ST-CEN-011","NSTFDC schemes - Adivasi Mahila Sashaktikaran Yojana, term loans and Adivasi Shiksha Rinn Yojana","ST","Central","All India (through State Channelizing Agencies)","What is NSTFDC schemes - Adivasi Mahila Sashaktikaran Yojana, term loans and Adivasi Shiksha Rinn Yojana (NSTFDC)?","NSTFDC schemes - Adivasi Mahila Sashaktikaran Yojana, term loans and Adivasi Shiksha Rinn Yojana is a ST scheme of Ministry of Tribal Affairs, implemented at the central level in All India (through State Channelizing Agencies). Type: Corporation credit scheme (Government of India company under the Ministry of Tribal Affairs). Launched: NSTFDC incorporated 2001 (under the Companies Act; earlier operations from 1993 as a division). Status: Active. It aims to help ST individuals, ST women (AMSY), ST SHGs/cooperatives and ST students (education loan). Benefit: Concessional term loans (up to 90% of unit cost) for income generation, with an exclusive women's window (AMSY) and education loans for ST students"
"ST-CEN-011","NSTFDC schemes - Adivasi Mahila Sashaktikaran Yojana, term loans and Adivasi Shiksha Rinn Yojana","ST","Central","All India (through State Channelizing Agencies)","Who is eligible for NSTFDC schemes - Adivasi Mahila Sashaktikaran Yojana, term loans and Adivasi Shiksha Rinn Yojana?","Target group: ST individuals, ST women (AMSY), ST SHGs/cooperatives and ST students (education loan). Beneficiary type: Individual; Woman; SHG; Student; Entrepreneur. Age: 18 to 55 years for term loans; not applicable for education loans. Income limit: Annual family income up to Rs 3 lakh (per NSTFDC norms for term loans; verify the current limit). Other conditions: ST individual/SHG with a viable income-generating scheme; ST women for AMSY; ST students with confirmed admission for the education loan; routed through State Channelizing Agencies Not eligible: Defaulters and non-ST applicants; activity must be permissible and asset-creating"
"ST-CEN-011","NSTFDC schemes - Adivasi Mahila Sashaktikaran Yojana, term loans and Adivasi Shiksha Rinn Yojana","ST","Central","All India (through State Channelizing Agencies)","What benefits/amount does NSTFDC schemes - Adivasi Mahila Sashaktikaran Yojana, term loans and Adivasi Shiksha Rinn Yojana give?","Concessional term loans (up to 90% of unit cost) for income generation, with an exclusive women's window (AMSY) and education loans for ST students Headline value: AMSY: unit cost up to Rs 2 lakh per unit with up to 90% as term loan; interest 4% per annum for beneficiaries (2% for State Channelizing Agencies); repayment up to 5 years. General term loan up to Rs 10 lakh (interest about 6% per annum); ST SHG schemes; education loan limits as per norms Funding pattern: NSTFDC equity from Government of India; refinance routed through State Channelizing Agencies."
"ST-CEN-011","NSTFDC schemes - Adivasi Mahila Sashaktikaran Yojana, term loans and Adivasi Shiksha Rinn Yojana","ST","Central","All India (through State Channelizing Agencies)","How do I apply for NSTFDC schemes - Adivasi Mahila Sashaktikaran Yojana, term loans and Adivasi Shiksha Rinn Yojana?","Application mode: Through State Channelizing Agencies (State tribal development corporations) with application forms on the NSTFDC website. Portal: https://nstfdc.tribal.gov.in. Documents needed: ST certificate; income certificate (up to Rs 3 lakh); Aadhaar; bank account; project estimate/quotation; SHG members list for group loans; for education loan - admission letter and fee details. Helpline: NSTFDC head office, New Delhi; State Channelizing Agency helplines."
"ST-CEN-011","NSTFDC schemes - Adivasi Mahila Sashaktikaran Yojana, term loans and Adivasi Shiksha Rinn Yojana","ST","Central","All India (through State Channelizing Agencies)","What are the latest changes in NSTFDC schemes - Adivasi Mahila Sashaktikaran Yojana, term loans and Adivasi Shiksha Rinn Yojana?","Digital application tracking introduced; convergence with Van Dhan producer companies and PM-JANMAN livelihood components in 2024-26 (Last verified: 2026-09-23, confidence: High.)"
"ST-CEN-012","Vocational Training Centres in Tribal Areas / Skill Development for STs","ST","Central","All India","What is Vocational Training Centres in Tribal Areas / Skill Development for STs (VTC in Tribal Areas)?","Vocational Training Centres in Tribal Areas / Skill Development for STs is a ST scheme of Ministry of Tribal Affairs, implemented at the central level in All India. Type: Central Sector Scheme. Launched: Long-running scheme; revised grant norms in the 2010s and 2020s. Status: Active. It aims to help ST youth, especially school dropouts and those in remote areas. Benefit: Free short-term vocational training in trades like computers, tailoring, carpentry, driving, welding, beauty services etc., with stipend, toolkits and placement assistance"
"ST-CEN-012","Vocational Training Centres in Tribal Areas / Skill Development for STs","ST","Central","All India","Who is eligible for Vocational Training Centres in Tribal Areas / Skill Development for STs?","Target group: ST youth, especially school dropouts and those in remote areas. Beneficiary type: Individual; Youth; Institution. Age: Youth eligible for vocational courses (generally 18-35 years, as per course norms). Income limit: No strict income ceiling (targeted at tribal youth). Other conditions: ST youth enrolled in short-term vocational courses in trades with market demand; training institutions receive central grants per trainee Not eligible: Non-tribal youth; courses without placement/market linkage are discouraged"
"ST-CEN-012","Vocational Training Centres in Tribal Areas / Skill Development for STs","ST","Central","All India","What benefits/amount does Vocational Training Centres in Tribal Areas / Skill Development for STs give?","Free short-term vocational training in trades like computers, tailoring, carpentry, driving, welding, beauty services etc., with stipend, toolkits and placement assistance Headline value: Central grant per trainee for training (roughly Rs 15,000-25,000 per trainee per course) plus stipend and toolkit assistance; thousands of trainees per year across States Funding pattern: 100% Central (grant to States/institutions/voluntary organisations)."
"ST-CEN-012","Vocational Training Centres in Tribal Areas / Skill Development for STs","ST","Central","All India","How do I apply for Vocational Training Centres in Tribal Areas / Skill Development for STs?","Application mode: Applications through State Tribal Welfare Departments/VTCs; trainee selection by local committees. Portal: https://tribal.nic.in. Documents needed: ST certificate; age proof; education certificate; Aadhaar; bank account; photograph. Helpline: State Tribal Welfare Department; Ministry of Tribal Affairs."
"ST-CEN-012","Vocational Training Centres in Tribal Areas / Skill Development for STs","ST","Central","All India","What happened to Vocational Training Centres in Tribal Areas / Skill Development for STs - is it still running?","Status: Active. Earlier scheme(s): Not specified. Now replaced/continued by: Complemented by PM-DAKSH and DAJGUA skill interventions. Active period: Continuous. Skills component reinforced under DAJGUA (2024-29) with long-term skilling for ST youth after Class 10/12 and linkage with Skill India Mission"
"ST-CEN-012","Vocational Training Centres in Tribal Areas / Skill Development for STs","ST","Central","All India","What are the latest changes in Vocational Training Centres in Tribal Areas / Skill Development for STs?","Skills component reinforced under DAJGUA (2024-29) with long-term skilling for ST youth after Class 10/12 and linkage with Skill India Mission (Last verified: 2026-09-23, confidence: Medium.)"
"ST-CEN-013","Scheduled Tribes and Other Traditional Forest Dwellers (Recognition of Forest Rights) Act - implementation programme","ST","Central","All India","What is Scheduled Tribes and Other Traditional Forest Dwellers (Recognition of Forest Rights) Act - implementation programme (FRA / Forest Rights Act)?","Scheduled Tribes and Other Traditional Forest Dwellers (Recognition of Forest Rights) Act - implementation programme is a ST scheme of Ministry of Tribal Affairs (policy) with Ministry of Environment, Forest and Climate Change and States, implemented at the central level in All India. Type: Statutory framework with central support for implementation. Launched: Act passed 2006; came into force 31 December 2007; rules amended 2012. Status: Active. It aims to help Scheduled Tribes and other traditional forest dwellers. Benefit: Legal recognition of individual and community forest rights including land titles (pattas), rights over minor forest produce, community forest resource management and rehabilitation in case of displacement"
"ST-CEN-013","Scheduled Tribes and Other Traditional Forest Dwellers (Recognition of Forest Rights) Act - implementation programme","ST","Central","All India","Who is eligible for Scheduled Tribes and Other Traditional Forest Dwellers (Recognition of Forest Rights) Act - implementation programme?","Target group: Scheduled Tribes and other traditional forest dwellers. Beneficiary type: Individual; Family; Community. Age: Not applicable. Income limit: No income ceiling. Other conditions: Forest dwellers who have lived in forests for at least three generations (75 years) and depend on forests for livelihood; individual rights (homestead, cultivation) and community rights (community forest resource, grazing, minor forest produce, conversion of pattas) Not eligible: Claims must be supported by evidence and recommended by the Gram Sabha and Forest Rights Committee; unsupported claims rejected"
"ST-CEN-013","Scheduled Tribes and Other Traditional Forest Dwellers (Recognition of Forest Rights) Act - implementation programme","ST","Central","All India","What benefits/amount does Scheduled Tribes and Other Traditional Forest Dwellers (Recognition of Forest Rights) Act - implementation programme give?","Legal recognition of individual and community forest rights including land titles (pattas), rights over minor forest produce, community forest resource management and rehabilitation in case of displacement Headline value: Rights-based (no cash grant). About 24-25 lakh individual titles and over 1 lakh community titles recognised since 2008; title holders can access DAJGUA support for agriculture, animal husbandry and fishery under FRA pattas Funding pattern: Central support for implementation and digitisation; State Governments execute the process."
"ST-CEN-013","Scheduled Tribes and Other Traditional Forest Dwellers (Recognition of Forest Rights) Act - implementation programme","ST","Central","All India","How do I apply for Scheduled Tribes and Other Traditional Forest Dwellers (Recognition of Forest Rights) Act - implementation programme?","Application mode: Claim filed with the Gram Sabha/Forest Rights Committee; verification at block and district level; titles issued by the district administration. Portal: https://tribal.nic.in (FRA dashboard) / State FRA portals. Documents needed: Proof of residence and dependency on forest; Gram Sabha resolution; village records; Aadhaar. Helpline: State Tribal Development Department / District FRA cell."
"ST-CEN-013","Scheduled Tribes and Other Traditional Forest Dwellers (Recognition of Forest Rights) Act - implementation programme","ST","Central","All India","What are the latest changes in Scheduled Tribes and Other Traditional Forest Dwellers (Recognition of Forest Rights) Act - implementation programme?","DAJGUA includes digitisation and support to FRA claim processes, FRA cells and community forest resource management plans (2024-29); Forest Rights Act claims accelerated in 2024-26 with district-level monitoring (Last verified: 2026-09-23, confidence: High.)"
"ST-CEN-014","Establishment of Ashram Schools in Tribal Sub-Plan Areas","ST","Central","All India (Tribal Sub-Plan areas)","What is Establishment of Ashram Schools in Tribal Sub-Plan Areas (Ashram Schools)?","Establishment of Ashram Schools in Tribal Sub-Plan Areas is a ST scheme of Ministry of Tribal Affairs, implemented at the central level in All India (Tribal Sub-Plan areas). Type: Centrally Sponsored Scheme. Launched: Scheme of Ashram Schools running since the 1970s-80s (guidelines revised 2017 and later). Status: Active. It aims to help ST students, including PVTG and girls, in tribal sub-plan areas. Benefit: Free residential schooling (boarding and lodging) with tuition support for ST children in remote tribal areas"
"ST-CEN-014","Establishment of Ashram Schools in Tribal Sub-Plan Areas","ST","Central","All India (Tribal Sub-Plan areas)","Who is eligible for Establishment of Ashram Schools in Tribal Sub-Plan Areas?","Target group: ST students, including PVTG and girls, in tribal sub-plan areas. Beneficiary type: Student; Institution. Age: School-going children (primary to higher secondary). Income limit: No income ceiling. Other conditions: ST children in remote tribal areas without schools; ashram schools provide residential education with boarding and lodging; State/VO must follow prescribed norms on staffing and facilities Not eligible: Non-ST children except where State rules permit a small non-ST proportion"
"ST-CEN-014","Establishment of Ashram Schools in Tribal Sub-Plan Areas","ST","Central","All India (Tribal Sub-Plan areas)","What benefits/amount does Establishment of Ashram Schools in Tribal Sub-Plan Areas give?","Free residential schooling (boarding and lodging) with tuition support for ST children in remote tribal areas Headline value: Central assistance of about Rs 40,000-50,000 per child per year (norm for recurring and non-recurring costs as per guidelines), released to States/voluntary organisations Funding pattern: Centrally Sponsored - Central assistance with State share (90:10 for NE and Himalayan States in certain components)."
"ST-CEN-014","Establishment of Ashram Schools in Tribal Sub-Plan Areas","ST","Central","All India (Tribal Sub-Plan areas)","How do I apply for Establishment of Ashram Schools in Tribal Sub-Plan Areas?","Application mode: Application to the ashram school through the State Tribal Welfare Department; admissions notified locally. Portal: https://tribal.nic.in. Documents needed: ST certificate; age proof; residence proof; Aadhaar; school records; medical certificate. Helpline: State Tribal Welfare Department."
"ST-CEN-014","Establishment of Ashram Schools in Tribal Sub-Plan Areas","ST","Central","All India (Tribal Sub-Plan areas)","What happened to Establishment of Ashram Schools in Tribal Sub-Plan Areas - is it still running?","Status: Active. Earlier scheme(s): Not specified. Now replaced/continued by: Complemented by EMRS. Active period: Continuous. DAJGUA (2024-29) includes improving infrastructure of ashram schools and hostels; States being funded to upgrade facilities and add seats"
"ST-CEN-014","Establishment of Ashram Schools in Tribal Sub-Plan Areas","ST","Central","All India (Tribal Sub-Plan areas)","What are the latest changes in Establishment of Ashram Schools in Tribal Sub-Plan Areas?","DAJGUA (2024-29) includes improving infrastructure of ashram schools and hostels; States being funded to upgrade facilities and add seats (Last verified: 2026-09-23, confidence: Medium.)"
"ST-CEN-015","Centrally Sponsored Scheme of Hostels for Scheduled Tribe Boys and Girls","ST","Central","All India","What is Centrally Sponsored Scheme of Hostels for Scheduled Tribe Boys and Girls (ST Hostels)?","Centrally Sponsored Scheme of Hostels for Scheduled Tribe Boys and Girls is a ST scheme of Ministry of Tribal Affairs, implemented at the central level in All India. Type: Centrally Sponsored Scheme. Launched: Running since the Third/Fourth Five Year Plan era; guidelines revised 2017 and later. Status: Active. It aims to help ST students (priority to girls) studying in middle, higher secondary schools, colleges and universities away from home. Benefit: Construction and maintenance of hostels with mess, study rooms and common facilities so that ST students, particularly girls, can pursue education"
"ST-CEN-015","Centrally Sponsored Scheme of Hostels for Scheduled Tribe Boys and Girls","ST","Central","All India","Who is eligible for Centrally Sponsored Scheme of Hostels for Scheduled Tribe Boys and Girls?","Target group: ST students (priority to girls) studying in middle, higher secondary schools, colleges and universities away from home. Beneficiary type: Student; Institution. Age: School/college-going students. Income limit: As per State norms for hostel admission (low-income ST families prioritised). Other conditions: ST students from rural and remote areas pursuing education; hostels constructed by State Governments, universities or voluntary organisations with central assistance Not eligible: Only ST students; seats allotted as per State rules"
"ST-CEN-015","Centrally Sponsored Scheme of Hostels for Scheduled Tribe Boys and Girls","ST","Central","All India","What benefits/amount does Centrally Sponsored Scheme of Hostels for Scheduled Tribe Boys and Girls give?","Construction and maintenance of hostels with mess, study rooms and common facilities so that ST students, particularly girls, can pursue education Headline value: Central assistance per hostel bed/block as per scheme norms (about Rs 2.75 lakh per seat under newer hostel construction norms, especially under PM-JANMAN/DAJGUA); repair and maintenance grants also provided Funding pattern: Centrally Sponsored - 50:50 Centre:State (90:10 for NE and Himalayan States in prescribed components)."
"ST-CEN-015","Centrally Sponsored Scheme of Hostels for Scheduled Tribe Boys and Girls","ST","Central","All India","How do I apply for Centrally Sponsored Scheme of Hostels for Scheduled Tribe Boys and Girls?","Application mode: Applications for hostel seats to the institution/State department; construction proposals through State Annual Action Plans. Portal: https://tribal.nic.in. Documents needed: ST certificate; admission proof of institution; income proof; Aadhaar; bank account; photograph. Helpline: State Tribal Welfare Department; institution hostel office."
"ST-CEN-015","Centrally Sponsored Scheme of Hostels for Scheduled Tribe Boys and Girls","ST","Central","All India","What happened to Centrally Sponsored Scheme of Hostels for Scheduled Tribe Boys and Girls - is it still running?","Status: Active. Earlier scheme(s): Not specified. Now replaced/continued by: Hostel component included in DAJGUA (2024-29). Active period: Continuous. PM-JANMAN constructing 500 hostels at about Rs 2.75 crore each; DAJGUA includes setting up hostels in schools at district/block level (2024-29)"
"ST-CEN-015","Centrally Sponsored Scheme of Hostels for Scheduled Tribe Boys and Girls","ST","Central","All India","What are the latest changes in Centrally Sponsored Scheme of Hostels for Scheduled Tribe Boys and Girls?","PM-JANMAN constructing 500 hostels at about Rs 2.75 crore each; DAJGUA includes setting up hostels in schools at district/block level (2024-29) (Last verified: 2026-09-23, confidence: Medium.)"
"ST-CEN-016","Scheme of Grant-in-Aid to Voluntary Organisations working for the Welfare of Scheduled Tribes","ST","Central","All India","What is Scheme of Grant-in-Aid to Voluntary Organisations working for the Welfare of Scheduled Tribes (VO Grant (ST))?","Scheme of Grant-in-Aid to Voluntary Organisations working for the Welfare of Scheduled Tribes is a ST scheme of Ministry of Tribal Affairs, implemented at the central level in All India. Type: Central Sector Scheme. Launched: Running since the 1950s-60s; revised guidelines issued in the 2010s-2020s. Status: Active. It aims to help Voluntary organisations/NGOs working for tribal welfare; tribal beneficiaries served by them. Benefit: Grant-in-aid to NGOs for projects on tribal education, health, livelihood, skill development, research and awareness, including projects on PVTG welfare"
"ST-CEN-016","Scheme of Grant-in-Aid to Voluntary Organisations working for the Welfare of Scheduled Tribes","ST","Central","All India","Who is eligible for Scheme of Grant-in-Aid to Voluntary Organisations working for the Welfare of Scheduled Tribes?","Target group: Voluntary organisations/NGOs working for tribal welfare; tribal beneficiaries served by them. Beneficiary type: Institution; Community. Age: Not applicable. Income limit: Not applicable. Other conditions: Registered voluntary organisation with at least 3 years of experience in tribal welfare, sound financials, and a project serving tribal beneficiaries; recommendation of the State Government; verification of credentials Not eligible: Organisations without clean audited accounts or with pending utilisation certificates are barred; one VO cannot run multiple projects without sanction"
"ST-CEN-016","Scheme of Grant-in-Aid to Voluntary Organisations working for the Welfare of Scheduled Tribes","ST","Central","All India","What benefits/amount does Scheme of Grant-in-Aid to Voluntary Organisations working for the Welfare of Scheduled Tribes give?","Grant-in-aid to NGOs for projects on tribal education, health, livelihood, skill development, research and awareness, including projects on PVTG welfare Headline value: Project-based grant up to about Rs 50 lakh (varies by project type and duration); funds released in instalments against utilisation certificates Funding pattern: 100% Central."
"ST-CEN-016","Scheme of Grant-in-Aid to Voluntary Organisations working for the Welfare of Scheduled Tribes","ST","Central","All India","How do I apply for Scheme of Grant-in-Aid to Voluntary Organisations working for the Welfare of Scheduled Tribes?","Application mode: Application through the State Government with documents, submitted to the Ministry of Tribal Affairs. Portal: https://tribal.nic.in. Documents needed: Registration certificate; 3 years of audited accounts; project proposal; State Government recommendation; FCRA where applicable; PAN and bank details. Helpline: Ministry of Tribal Affairs grant-in-aid desk."
"ST-CEN-016","Scheme of Grant-in-Aid to Voluntary Organisations working for the Welfare of Scheduled Tribes","ST","Central","All India","What are the latest changes in Scheme of Grant-in-Aid to Voluntary Organisations working for the Welfare of Scheduled Tribes?","Guidelines emphasise online application and timely utilisation certificates; priorities aligned with DAJGUA/PM-JANMAN focus areas (Last verified: 2026-09-23, confidence: Medium.)"
"ST-CEN-017","Support to Tribal Research Institutes","ST","Central","All India (States with TRIs)","What is Support to Tribal Research Institutes (TRIs)?","Support to Tribal Research Institutes is a ST scheme of Ministry of Tribal Affairs, implemented at the central level in All India (States with TRIs). Type: Central Sector Scheme. Launched: Scheme running since the 1970s; revamped with new guidelines from 2017-18. Status: Active. It aims to help Tribal communities (research beneficiaries) and State research institutions. Benefit: Funds action research, evaluation studies and documentation on tribal communities, enabling evidence-based policy for tribal development"
"ST-CEN-017","Support to Tribal Research Institutes","ST","Central","All India (States with TRIs)","Who is eligible for Support to Tribal Research Institutes?","Target group: Tribal communities (research beneficiaries) and State research institutions. Beneficiary type: Institution; Community. Age: Not applicable. Income limit: Not applicable. Other conditions: State Tribal Research Institutes receive central support for action research, documentation of tribal culture, evaluations and capacity building; research on PVTGs, tribal health and forest rights prioritised Not eligible: Research proposals must align with the Ministry's approved themes and norms"
"ST-CEN-017","Support to Tribal Research Institutes","ST","Central","All India (States with TRIs)","What benefits/amount does Support to Tribal Research Institutes give?","Funds action research, evaluation studies and documentation on tribal communities, enabling evidence-based policy for tribal development Headline value: Annual central grant of about Rs 1-1.5 crore per institute for running costs plus project grants (research studies, seminars, documentation) as per norms Funding pattern: 100% Central."
"ST-CEN-017","Support to Tribal Research Institutes","ST","Central","All India (States with TRIs)","How do I apply for Support to Tribal Research Institutes?","Application mode: Institutional proposals through State Governments/TRIs to the Ministry. Portal: https://tribal.nic.in. Documents needed: Institutional proposal; research design; budget; utilisation certificates of earlier grants. Helpline: Ministry of Tribal Affairs research desk."
"ST-CEN-017","Support to Tribal Research Institutes","ST","Central","All India (States with TRIs)","What are the latest changes in Support to Tribal Research Institutes?","TRIs tasked with baseline and evaluation studies of PM-JANMAN and DAJGUA; tribal research fellowships and digital repositories expanded in 2024-26 (Last verified: 2026-09-23, confidence: Medium.)"
"ST-CEN-018","Special Central Assistance to Tribal Sub-Plan / Tribal Sub-Plan strategy (legacy)","ST","Central","All India","What is Special Central Assistance to Tribal Sub-Plan / Tribal Sub-Plan strategy (legacy) (SCA to TSP / TSP)?","Special Central Assistance to Tribal Sub-Plan / Tribal Sub-Plan strategy (legacy) is a ST scheme of Ministry of Tribal Affairs (TSP strategy); Ministry of Social Justice and Empowerment handled parts historically, implemented at the central level in All India. Type: Centrally Sponsored Scheme / budgetary strategy. Launched: TSP strategy from the Fifth Five Year Plan (1974-75); SCA to TSP from 1974-75 onwards. Status: Closed / renamed into DAPST-based planning. It aims to help Scheduled Tribe families and Scheduled Areas (ITDP areas). Benefit: Income-generating assets, agricultural and horticultural support, minor irrigation, animal husbandry, education and infrastructure in tribal sub-plan areas, implemented through ITDAs"
"ST-CEN-018","Special Central Assistance to Tribal Sub-Plan / Tribal Sub-Plan strategy (legacy)","ST","Central","All India","Who is eligible for Special Central Assistance to Tribal Sub-Plan / Tribal Sub-Plan strategy (legacy)?","Target group: Scheduled Tribe families and Scheduled Areas (ITDP areas). Beneficiary type: Family; Village; Community. Age: Not applicable. Income limit: ST families, largely below the poverty line, for income-generating support. Other conditions: States with Tribal Sub-Plan areas (ITDPs/MADA clusters/PTG areas) received 100% central grants for income generating schemes, skill development and infrastructure in tribal villages Not eligible: Funds had to be used in TSP areas only; diversion to non-tribal areas was prohibited"
"ST-CEN-018","Special Central Assistance to Tribal Sub-Plan / Tribal Sub-Plan strategy (legacy)","ST","Central","All India","What benefits/amount does Special Central Assistance to Tribal Sub-Plan / Tribal Sub-Plan strategy (legacy) give?","Income-generating assets, agricultural and horticultural support, minor irrigation, animal husbandry, education and infrastructure in tribal sub-plan areas, implemented through ITDAs Headline value: 100% central assistance allocated to States in proportion to ST population; grants per family/unit as per State schemes; funded thousands of village-level assets over five decades Funding pattern: 100% central assistance to States (Centrally Sponsored Scheme)."
"ST-CEN-018","Special Central Assistance to Tribal Sub-Plan / Tribal Sub-Plan strategy (legacy)","ST","Central","All India","How do I apply for Special Central Assistance to Tribal Sub-Plan / Tribal Sub-Plan strategy (legacy)?","Application mode: Through State tribal departments/ITDAs with beneficiary selection by local committees (historical scheme). Portal: Not applicable (historical) - see https://tribal.nic.in. Documents needed: ST certificate; BPL/income proof; Aadhaar; land records where applicable (historical). Helpline: State Integrated Tribal Development Agency (ITDA)."
"ST-CEN-018","Special Central Assistance to Tribal Sub-Plan / Tribal Sub-Plan strategy (legacy)","ST","Central","All India","What happened to Special Central Assistance to Tribal Sub-Plan / Tribal Sub-Plan strategy (legacy) - is it still running?","Status: Closed / renamed into DAPST-based planning. Earlier scheme(s): Not specified. Now replaced/continued by: Development Action Plan for Scheduled Tribes (DAPST) based planning and PM-JANMAN/DAJGUA saturation missions. Active period: 1974-75 to the 2010s-2020s as the main ST funding strategy; now largely integrated into DAPST. SCA to TSP as a standalone fund has largely given way to DAPST earmarking (2018-19 onwards) and now PM-JANMAN (2023) and DAJGUA (2024) - include as a historical scheme in time-series answers"
"ST-CEN-018","Special Central Assistance to Tribal Sub-Plan / Tribal Sub-Plan strategy (legacy)","ST","Central","All India","What are the latest changes in Special Central Assistance to Tribal Sub-Plan / Tribal Sub-Plan strategy (legacy)?","SCA to TSP as a standalone fund has largely given way to DAPST earmarking (2018-19 onwards) and now PM-JANMAN (2023) and DAJGUA (2024) - include as a historical scheme in time-series answers (Last verified: 2026-09-23, confidence: Medium.)"
"ST-CEN-019","Scheme of Strengthening of Education among Scheduled Tribe Girls / Girls' hostels and incentives","ST","Central","All India","What is Scheme of Strengthening of Education among Scheduled Tribe Girls / Girls' hostels and incentives (ST Girls Education)?","Scheme of Strengthening of Education among Scheduled Tribe Girls / Girls' hostels and incentives is a ST scheme of Ministry of Tribal Affairs, implemented at the central level in All India. Type: Centrally Sponsored/Central Sector components. Launched: Various components from the 1980s-1990s with revisions in 2017 and later. Status: Active. It aims to help ST girls studying in secondary and higher secondary classes and colleges. Benefit: Girls' hostels, stipends and incentives that encourage ST girls to continue education and reduce dropout after Class 8"
"ST-CEN-019","Scheme of Strengthening of Education among Scheduled Tribe Girls / Girls' hostels and incentives","ST","Central","All India","Who is eligible for Scheme of Strengthening of Education among Scheduled Tribe Girls / Girls' hostels and incentives?","Target group: ST girls studying in secondary and higher secondary classes and colleges. Beneficiary type: Student; Institution. Age: Secondary and higher secondary school age. Income limit: As per State norms (low-income families prioritised). Other conditions: ST girls who would otherwise drop out because of distance or economic pressure; hostel accommodation, stipend/incentive and special coaching support Not eligible: Only for ST girls in recognised institutions"
"ST-CEN-019","Scheme of Strengthening of Education among Scheduled Tribe Girls / Girls' hostels and incentives","ST","Central","All India","What benefits/amount does Scheme of Strengthening of Education among Scheduled Tribe Girls / Girls' hostels and incentives give?","Girls' hostels, stipends and incentives that encourage ST girls to continue education and reduce dropout after Class 8 Headline value: Hostel construction assistance per seat and stipend/incentive amounts as per the applicable component (States top up with their own rates) Funding pattern: Centrally Sponsored - Central assistance with State share."
"ST-CEN-019","Scheme of Strengthening of Education among Scheduled Tribe Girls / Girls' hostels and incentives","ST","Central","All India","How do I apply for Scheme of Strengthening of Education among Scheduled Tribe Girls / Girls' hostels and incentives?","Application mode: Through the institution/State Tribal Welfare Department; hostel seat applications at the district level. Portal: https://tribal.nic.in. Documents needed: ST certificate; admission proof; income certificate; Aadhaar; bank account. Helpline: State Tribal Welfare Department."
"ST-CEN-019","Scheme of Strengthening of Education among Scheduled Tribe Girls / Girls' hostels and incentives","ST","Central","All India","What happened to Scheme of Strengthening of Education among Scheduled Tribe Girls / Girls' hostels and incentives - is it still running?","Status: Active. Earlier scheme(s): Not specified. Now replaced/continued by: Merged components now delivered under hostel/EMRS/DAJGUA interventions. Active period: Continuous. PM-JANMAN includes hostels for PVTG girls; DAJGUA targets higher Gross Enrolment Ratio for ST girls with hostel support at district/block level (2024-29)"
"ST-CEN-019","Scheme of Strengthening of Education among Scheduled Tribe Girls / Girls' hostels and incentives","ST","Central","All India","What are the latest changes in Scheme of Strengthening of Education among Scheduled Tribe Girls / Girls' hostels and incentives?","PM-JANMAN includes hostels for PVTG girls; DAJGUA targets higher Gross Enrolment Ratio for ST girls with hostel support at district/block level (2024-29) (Last verified: 2026-09-23, confidence: Medium.)"
"X-CEN-001","National Scheduled Caste and Scheduled Tribe Hub","SC & ST","Central","All India","What is National Scheduled Caste and Scheduled Tribe Hub (NSSH / SC-ST Hub)?","National Scheduled Caste and Scheduled Tribe Hub is a SC & ST scheme of Ministry of Micro, Small and Medium Enterprises, implemented at the central level in All India. Type: Central Sector Scheme. Launched: 2016 (launched by the Prime Minister in October 2016; extended from 2021-22 to 2025-26). Status: Active. It aims to help SC/ST owned micro, small and medium enterprises (MSMEs) and SC/ST entrepreneurs. Benefit: Capacity building and training, Special Credit Linked Capital Subsidy (SCLCSS), procurement support to meet the 4% government procurement mandate, GeM and Single Point Registration assistance, reimbursement of bank loan processing fees, exhibition/marketing support and mentorship"
"X-CEN-001","National Scheduled Caste and Scheduled Tribe Hub","SC & ST","Central","All India","Who is eligible for National Scheduled Caste and Scheduled Tribe Hub?","Target group: SC/ST owned micro, small and medium enterprises (MSMEs) and SC/ST entrepreneurs. Beneficiary type: Entrepreneur; MSME. Age: 18 years and above. Income limit: No income ceiling (enterprise-based scheme). Other conditions: MSME with Udyam Registration (or willing to register) having at least 51% SC/ST ownership; manufacturing, service, trading or agri-allied enterprise for most components; for SCLCSS - SC/ST ownership above 51% with institutional loan for new plant and machinery Not eligible: Non-SC/ST majority enterprises; second-hand machinery (for capital subsidy); dual benefit from a similar subsidy is not allowed"
"X-CEN-001","National Scheduled Caste and Scheduled Tribe Hub","SC & ST","Central","All India","What benefits/amount does National Scheduled Caste and Scheduled Tribe Hub give?","Capacity building and training, Special Credit Linked Capital Subsidy (SCLCSS), procurement support to meet the 4% government procurement mandate, GeM and Single Point Registration assistance, reimbursement of bank loan processing fees, exhibition/marketing support and mentorship Headline value: Capital subsidy of 25% on institutional loan for plant and machinery, capped at Rs 25 lakh (SCLCSS); up to 90% of course fee capped at Rs 1 lakh for training reimbursements; up to 80% of pledge/bank-guarantee charges capped at Rs 1 lakh for tender participation; 100% subsidy on NSIC Single Point Registration Scheme fees Funding pattern: 100% Central (outlay about Rs 588 crore for 2021-22 to 2025-26)."
"X-CEN-001","National Scheduled Caste and Scheduled Tribe Hub","SC & ST","Central","All India","How do I apply for National Scheduled Caste and Scheduled Tribe Hub?","Application mode: Online registration on the SC-ST Hub portal; SCLCSS applications routed offline through the prime lending institution (bank) to SIDBI/NABARD. Portal: https://www.scsthub.in. Documents needed: Udyam Registration certificate; SC/ST caste certificate of proprietor/directors; ownership proof showing 51%+ SC/ST shareholding; PAN; GST; project report; machinery quotations/invoices for SCLCSS; loan sanction letter; bank account. Helpline: SC-ST Hub helpline (Ministry of MSME); offices in major cities including Delhi."
"X-CEN-001","National Scheduled Caste and Scheduled Tribe Hub","SC & ST","Central","All India","What are the latest changes in National Scheduled Caste and Scheduled Tribe Hub?","Scheme extended to 2025-26 with about Rs 588 crore outlay; GeM/NSIC onboarding and vendor-development programmes expanded in 2024-26; SCLCSS disbursals tracked on the MSME MIS portal (Last verified: 2026-09-23, confidence: High.)"
"X-CEN-002","Special Credit Linked Capital Subsidy Scheme","SC & ST","Central","All India","What is Special Credit Linked Capital Subsidy Scheme (SCLCSS)?","Special Credit Linked Capital Subsidy Scheme is a SC & ST scheme of Ministry of Micro, Small and Medium Enterprises (sub-scheme under National SC-ST Hub), implemented at the central level in All India. Type: Central Sector Scheme (sub-scheme of NSSH). Launched: 2016 (sub-scheme of the National SC-ST Hub). Status: Active. It aims to help SC/ST owned micro and small enterprises (manufacturing and services). Benefit: Capital subsidy to reduce the cost of new plant and machinery financed by a bank/institution, improving the viability of SC/ST manufacturing and service units"
"X-CEN-002","Special Credit Linked Capital Subsidy Scheme","SC & ST","Central","All India","Who is eligible for Special Credit Linked Capital Subsidy Scheme?","Target group: SC/ST owned micro and small enterprises (manufacturing and services). Beneficiary type: MSME; Entrepreneur. Age: 18 years and above (proprietor/directors). Income limit: No income ceiling. Other conditions: Micro or small enterprise with valid Udyam Registration and at least 51% SC/ST ownership; institutional term loan sanctioned for purchase of new plant and machinery/equipment; no sector-specific restriction; SC/ST units upgraded to medium within 3 years remain eligible Not eligible: Second-hand machinery; enterprises without institutional finance; applicants who already got a similar capital subsidy (no dual benefit)"
"X-CEN-002","Special Credit Linked Capital Subsidy Scheme","SC & ST","Central","All India","What benefits/amount does Special Credit Linked Capital Subsidy Scheme give?","Capital subsidy to reduce the cost of new plant and machinery financed by a bank/institution, improving the viability of SC/ST manufacturing and service units Headline value: 25% capital subsidy on the institutional loan amount, capped at Rs 25,00,000 per enterprise (eligible term loan typically up to Rs 1 crore) Funding pattern: 100% Central; disbursed through SIDBI/NABARD to the lending bank account of the beneficiary."
"X-CEN-002","Special Credit Linked Capital Subsidy Scheme","SC & ST","Central","All India","How do I apply for Special Credit Linked Capital Subsidy Scheme?","Application mode: Offline: obtain bank term loan, then the bank forwards the subsidy application to the nodal agency (SIDBI/NABARD) on the MSME MIS portal. Portal: https://www.scsthub.in (SCLCSS) / MSME MIS portal. Documents needed: Udyam Registration; PAN; SC/ST caste certificate of all partners/directors; partnership deed or MOA/AOA; proof of 51%+ SC/ST shareholding; machinery/equipment invoices and payment receipts; bank sanction letter. Helpline: SC-ST Hub helpline; MSME Development Institutes (MSME-DIs)."
"X-CEN-002","Special Credit Linked Capital Subsidy Scheme","SC & ST","Central","All India","What are the latest changes in Special Credit Linked Capital Subsidy Scheme?","Subsidy claims continue under NSSH till 2025-26; MSME Ministry has pushed awareness campaigns through MSME-DIs and state SC/ST corporations in 2024-26 (Last verified: 2026-09-23, confidence: High.)"
"X-CEN-003","Stand-Up India Scheme","SC & ST","Central","All India","What is Stand-Up India Scheme (SUI)?","Stand-Up India Scheme is a SC & ST scheme of Department of Financial Services, Ministry of Finance, implemented at the central level in All India. Type: Central Sector Scheme (credit guarantee backed). Launched: 5 April 2016. Status: Active. It aims to help SC, ST and women entrepreneurs setting up greenfield enterprises. Benefit: Composite bank loan (term loan plus working capital) for new enterprises, with collateral-free credit up to Rs 1 crore covered under the Credit Guarantee Fund Scheme for Stand-Up India Loans, plus Rupay debit card and handholding support through the Standup Mitra portal"
"X-CEN-003","Stand-Up India Scheme","SC & ST","Central","All India","Who is eligible for Stand-Up India Scheme?","Target group: SC, ST and women entrepreneurs setting up greenfield enterprises. Beneficiary type: Entrepreneur. Age: 18 years and above. Income limit: No income ceiling. Other conditions: SC/ST and/or woman entrepreneur; greenfield project (first venture of the beneficiary in manufacturing, services, trading or agri-allied activity); for non-individual entities at least 51% shareholding and controlling stake must be with SC/ST and/or woman entrepreneurs; borrower must not be a defaulter to any bank/financial institution Not eligible: Expansion of existing business; retail trading restricted in certain years; persons with existing bank defaults"
"X-CEN-003","Stand-Up India Scheme","SC & ST","Central","All India","What benefits/amount does Stand-Up India Scheme give?","Composite bank loan (term loan plus working capital) for new enterprises, with collateral-free credit up to Rs 1 crore covered under the Credit Guarantee Fund Scheme for Stand-Up India Loans, plus Rupay debit card and handholding support through the Standup Mitra portal Headline value: Composite loan of Rs 10 lakh to Rs 1 crore per borrower (loan limit raised/announced to Rs 2 crore under the 2025 relaunch for eligible categories - confirm with the bank). Margin money 25% of project cost, of which at least 10% must come from the borrower; the rest can come from convergence with other schemes Funding pattern: Bank credit with credit guarantee support from the Government of India (CGTMSE/NCGTC)."
"X-CEN-003","Stand-Up India Scheme","SC & ST","Central","All India","How do I apply for Stand-Up India Scheme?","Application mode: Apply at any scheduled commercial bank branch or online through the Standup Mitra portal; SIDBI provides handholding. Portal: https://www.standupmitra.in. Documents needed: Caste certificate (for SC/ST), identity and address proof, PAN, Aadhaar, business plan/project report, quotation for machinery, bank statements, proof of business premises. Helpline: Standup Mitra helpline (SIDBI); bank branch managers."
"X-CEN-003","Stand-Up India Scheme","SC & ST","Central","All India","What are the latest changes in Stand-Up India Scheme?","Scheme relaunched with an enhanced loan ceiling (announced up to Rs 2 crore) and expanded skill modules in 2025; government has asked banks to speed up SC/ST borrower targeting (Last verified: 2026-09-23, confidence: High.)"
"X-CEN-004","PM-DAKSH - Pradhan Mantri Dakshta Aur Kushalta Sampann Hitgrahi Yojana","SC & ST","Central","All India","What is PM-DAKSH - Pradhan Mantri Dakshta Aur Kushalta Sampann Hitgrahi Yojana (PM-DAKSH)?","PM-DAKSH - Pradhan Mantri Dakshta Aur Kushalta Sampann Hitgrahi Yojana is a SC & ST scheme of Ministry of Social Justice and Empowerment, implemented at the central level in All India. Type: Central Sector Scheme. Launched: 2020 (announced 2020-21; expanded 2021-22 onwards). Status: Active. It aims to help SC, OBC, DNT, EBC, sanitation workers and waste pickers (18-45 years). Benefit: Free skill training with stipend, toolkits, certification and placement/self-employment support; covers wage employment, self-employment, entrepreneurship and upskilling for existing artisans"
"X-CEN-004","PM-DAKSH - Pradhan Mantri Dakshta Aur Kushalta Sampann Hitgrahi Yojana","SC & ST","Central","All India","Who is eligible for PM-DAKSH - Pradhan Mantri Dakshta Aur Kushalta Sampann Hitgrahi Yojana?","Target group: SC, OBC, DNT, EBC, sanitation workers and waste pickers (18-45 years). Beneficiary type: Individual; Youth. Age: 18 to 45 years. Income limit: Target-group based eligibility (no separate income ceiling in the main guidelines). Other conditions: Persons from SC/OBC/DNT/EBC/sanitation-worker families seeking wage or self-employment; selection through empanelled training partners; courses of 3 weeks (short-term), 3-6 months (upgradation) and 1 year (long-term/entrepreneurship) Not eligible: Persons who have already received similar skill training under another government scheme in the same trade; beneficiaries must complete assessment"
"X-CEN-004","PM-DAKSH - Pradhan Mantri Dakshta Aur Kushalta Sampann Hitgrahi Yojana","SC & ST","Central","All India","What benefits/amount does PM-DAKSH - Pradhan Mantri Dakshta Aur Kushalta Sampann Hitgrahi Yojana give?","Free skill training with stipend, toolkits, certification and placement/self-employment support; covers wage employment, self-employment, entrepreneurship and upskilling for existing artisans Headline value: Fully funded training (about Rs 10,000-30,000 per trainee depending on course duration) plus stipend of about Rs 500-1,500 per month, toolkits worth up to Rs 5,000-15,000 and assessment/certification charges; allocation increased from about Rs 92 crore to Rs 130 crore in recent budgets Funding pattern: 100% Central."
"X-CEN-004","PM-DAKSH - Pradhan Mantri Dakshta Aur Kushalta Sampann Hitgrahi Yojana","SC & ST","Central","All India","How do I apply for PM-DAKSH - Pradhan Mantri Dakshta Aur Kushalta Sampann Hitgrahi Yojana?","Application mode: Online registration on the PM-DAKSH portal; allotment to an empanelled training partner. Portal: https://pmdaksh.dosje.gov.in. Documents needed: Caste certificate/category proof (SC/OBC/DNT/EBC) or sanitation-worker certificate; age proof; Aadhaar; bank account; education certificate; photograph. Helpline: PM-DAKSH helpline (Ministry of Social Justice & Empowerment)."
"X-CEN-004","PM-DAKSH - Pradhan Mantri Dakshta Aur Kushalta Sampann Hitgrahi Yojana","SC & ST","Central","All India","What are the latest changes in PM-DAKSH - Pradhan Mantri Dakshta Aur Kushalta Sampann Hitgrahi Yojana?","Budget allocation raised from about Rs 92.47 crore to about Rs 130 crore; strong emphasis on placement-linked courses in 2024-26; convergence with NAMASTE for sanitation workers' upskilling (Last verified: 2026-09-23, confidence: High.)"
"X-CEN-005","National Sickle Cell Anaemia Elimination Mission","ST","Central","278 districts in 17 States (tribal high-prevalence areas)","What is National Sickle Cell Anaemia Elimination Mission (NSCEM)?","National Sickle Cell Anaemia Elimination Mission is a ST scheme of Ministry of Health and Family Welfare (with Ministry of Tribal Affairs for tribal outreach), implemented at the central level in 278 districts in 17 States (tribal high-prevalence areas). Type: National Mission (Centrally Sponsored through National Health Mission). Launched: Announced in Union Budget 2023-24; launched on 1 July 2023. Status: Active. It aims to help Tribal population and others in high-prevalence districts - screening for the 0-40 age group. Benefit: Free screening (HbS test) for sickle cell status, colour-coded cards, pre-marital and prenatal counselling, treatment and management support, and dedicated centres of competence"
"X-CEN-005","National Sickle Cell Anaemia Elimination Mission","ST","Central","278 districts in 17 States (tribal high-prevalence areas)","Who is eligible for National Sickle Cell Anaemia Elimination Mission?","Target group: Tribal population and others in high-prevalence districts - screening for the 0-40 age group. Beneficiary type: Individual; Family; Community. Age: Universal screening for the 0-40 years population in identified districts. Income limit: No income ceiling. Other conditions: Residents of the 278 identified districts in 17 States with high sickle cell disease prevalence; screening, counselling and treatment free of cost Not eligible: Not a cash-benefit scheme; services are health interventions"
"X-CEN-005","National Sickle Cell Anaemia Elimination Mission","ST","Central","278 districts in 17 States (tribal high-prevalence areas)","What benefits/amount does National Sickle Cell Anaemia Elimination Mission give?","Free screening (HbS test) for sickle cell status, colour-coded cards, pre-marital and prenatal counselling, treatment and management support, and dedicated centres of competence Headline value: About 7 crore people to be screened (0-40 years) in 278 districts; over 1 crore people screened within the first year; budget through NHM with 60:40 Centre:State sharing; DAJGUA funds sickle-cell centres of competence and counselling support Funding pattern: National Health Mission - 60:40 Centre:State (90:10 for NE/Himalayan States)."
"X-CEN-005","National Sickle Cell Anaemia Elimination Mission","ST","Central","278 districts in 17 States (tribal high-prevalence areas)","How do I apply for National Sickle Cell Anaemia Elimination Mission?","Application mode: No application - screening through health camps, anganwadi and school-based drives, and health facilities. Portal: https://sicklecell.nhm.gov.in (National Sickle Cell Portal). Documents needed: Aadhaar/identity proof for registration at screening camps; existing health records if any. Helpline: National Health Mission health helpline (104/1075 in many States)."
"X-CEN-005","National Sickle Cell Anaemia Elimination Mission","ST","Central","278 districts in 17 States (tribal high-prevalence areas)","What are the latest changes in National Sickle Cell Anaemia Elimination Mission?","More than 1 crore people screened by 2024; centres of competence and counselling support funded under DAJGUA (2024-29); expansion of screening to all tribal habitations (Last verified: 2026-09-23, confidence: High.)"
"ST-STATE-TG-01","Telangana Kalyana Lakshmi Pathakam","SC & ST","State","Telangana","What is Telangana Kalyana Lakshmi Pathakam (Kalyana Lakshmi)?","Telangana Kalyana Lakshmi Pathakam is a SC & ST scheme of Department of Women Development & Child Welfare, Government of Telangana, implemented at the state level in Telangana. Type: State Sector Scheme. Launched: 2014. Status: Active. It aims to help Brides from SC, ST, BC and EBC families (Shaadi Mubarak covers minority communities). Benefit: One-time marriage assistance transferred by cheque/DD/in DBT to the bride's mother's account (to the bride if she is an orphan)"
"ST-STATE-TG-01","Telangana Kalyana Lakshmi Pathakam","SC & ST","State","Telangana","Who is eligible for Telangana Kalyana Lakshmi Pathakam?","Target group: Brides from SC, ST, BC and EBC families (Shaadi Mubarak covers minority communities). Beneficiary type: Woman; Family. Age: Bride 18 years or above, groom 21 years or above. Income limit: SC/ST up to Rs 2,00,000 per annum; BC/EBC Rs 2,00,000 (urban) and Rs 1,50,000 (rural). Other conditions: Permanent resident of Telangana; family should not have a government employee or income-tax payer; application within 6 months of marriage Not eligible: No specific exclusion listed - standard conditions apply (normally one benefit per beneficiary/family unless stated otherwise)"
"ST-STATE-TG-01","Telangana Kalyana Lakshmi Pathakam","SC & ST","State","Telangana","What benefits/amount does Telangana Kalyana Lakshmi Pathakam give?","One-time marriage assistance transferred by cheque/DD/in DBT to the bride's mother's account (to the bride if she is an orphan) Headline value: Rs 1,00,116 per eligible bride (enhanced from Rs 75,116 in 2018) Funding pattern: State Government budget (State Sector Scheme; some state schemes also carry a central share)."
"ST-STATE-TG-01","Telangana Kalyana Lakshmi Pathakam","SC & ST","State","Telangana","How do I apply for Telangana Kalyana Lakshmi Pathakam?","Application mode: Online through the Telangana ePASS portal or offline at the district welfare office. Portal: https://telanganaepass.cgg.gov.in. Documents needed: Marriage certificate/registration; caste certificate; income certificate; age proof; Aadhaar and bank account of bride's mother; photograph. Helpline: District office of the nodal department listed under the application portal."
"ST-STATE-TG-02","Telangana Dalit Bandhu","SC","State","Telangana","What is Telangana Dalit Bandhu (Dalit Bandhu)?","Telangana Dalit Bandhu is a SC scheme of State SC Development Department / SC Corporation, Government of Telangana, implemented at the state level in Telangana. Type: State Sector Scheme. Launched: 2021 (pilot in Huzurabad; expanded to selected mandals/wards). Status: Active (phase-wise expansion). It aims to help Dalit (SC) families selected by district administration. Benefit: Capital grant for self-employment so that SC families can start an income-generating enterprise with handholding and business mentoring"
"ST-STATE-TG-02","Telangana Dalit Bandhu","SC","State","Telangana","Who is eligible for Telangana Dalit Bandhu?","Target group: Dalit (SC) families selected by district administration. Beneficiary type: Family; Entrepreneur. Age: Not specified in the scheme guidelines. Income limit: Selection based on SC household identification (no separate income ceiling advertised). Other conditions: SC family selected by the State under the programme (generally one beneficiary per family); grant to be used for a viable business activity through the SC Cooperative Society channel Not eligible: No specific exclusion listed - standard conditions apply (normally one benefit per beneficiary/family unless stated otherwise)"
"ST-STATE-TG-02","Telangana Dalit Bandhu","SC","State","Telangana","What benefits/amount does Telangana Dalit Bandhu give?","Capital grant for self-employment so that SC families can start an income-generating enterprise with handholding and business mentoring Headline value: Grant of Rs 10,00,000 per beneficiary family (released through the SC Cooperative Society in stages against the business plan) Funding pattern: State Government budget (State Sector Scheme; some state schemes also carry a central share)."
"ST-STATE-TG-02","Telangana Dalit Bandhu","SC","State","Telangana","How do I apply for Telangana Dalit Bandhu?","Application mode: Selection-driven through the district administration; interested families register with the local SC Cooperative/Mandal office. Portal: Telangana SC Development Department district offices. Documents needed: SC caste certificate; family/household details; Aadhaar; bank account; business plan. Helpline: District office of the nodal department listed under the application portal."
"ST-STATE-KA-01","Karnataka Ganga Kalyana Scheme","SC","State","Karnataka","What is Karnataka Ganga Kalyana Scheme (Ganga Kalyana)?","Karnataka Ganga Kalyana Scheme is a SC scheme of Social Welfare Department / SC development corporations, Government of Karnataka, implemented at the state level in Karnataka. Type: State Sector Scheme. Launched: Running for several decades (contemporary unit costs notified in 2025). Status: Active. It aims to help Small and marginal SC farmers whose land (1.20 to 5 acres) is adjacent to a perennial water source (river, lake, canal). Benefit: Free drilling of irrigation borewell with pump set and accessories, energisation and electrification support, converting dry land into irrigated land"
"ST-STATE-KA-01","Karnataka Ganga Kalyana Scheme","SC","State","Karnataka","Who is eligible for Karnataka Ganga Kalyana Scheme?","Target group: Small and marginal SC farmers whose land (1.20 to 5 acres) is adjacent to a perennial water source (river, lake, canal). Beneficiary type: Family; Farmer. Age: Not specified in the scheme guidelines. Income limit: Small/marginal farmer criteria as per State norms. Other conditions: SC farmer owning 1.20 to 5 acres irrigable by a borewell near a perennial source; land records and well feasibility required Not eligible: No specific exclusion listed - standard conditions apply (normally one benefit per beneficiary/family unless stated otherwise)"
"ST-STATE-KA-01","Karnataka Ganga Kalyana Scheme","SC","State","Karnataka","What benefits/amount does Karnataka Ganga Kalyana Scheme give?","Free drilling of irrigation borewell with pump set and accessories, energisation and electrification support, converting dry land into irrigated land Headline value: Rs 4,75,000 per unit in Bengaluru Urban, Bengaluru Rural, Kolar, Chikkaballapura, Tumakuru and Ramanagara districts; Rs 3,75,000 in other districts (Rs 50,000 of the unit cost is treated as a term loan) Funding pattern: State Government budget (State Sector Scheme; some state schemes also carry a central share)."
"ST-STATE-KA-01","Karnataka Ganga Kalyana Scheme","SC","State","Karnataka","How do I apply for Karnataka Ganga Kalyana Scheme?","Application mode: Online applications through Seva Sindhu, or at Grama One / Karnataka One / Bapuji Seva Kendras; annual advertisement with cut-off dates. Portal: https://sevasindhu.karnataka.gov.in. Documents needed: Caste certificate; land records (RTC/Pahani); income proof; Aadhaar; bank account; borewell feasibility declaration. Helpline: District office of the nodal department listed under the application portal."
"ST-STATE-KA-02","Karnataka SC/ST Development Corporation - Self-Employment and Micro-Credit Loans","SC & ST","State","Karnataka","What is Karnataka SC/ST Development Corporation - Self-Employment and Micro-Credit Loans (SC/ST Corp Loans (KA))?","Karnataka SC/ST Development Corporation - Self-Employment and Micro-Credit Loans is a SC & ST scheme of Social Welfare Department, Government of Karnataka, implemented at the state level in Karnataka. Type: State Sector credit scheme. Launched: Not specified. Status: Active. It aims to help SC/ST individuals, SHGs and women entrepreneurs below the prescribed income limits. Benefit: Subsidised term loans, micro-credit (through SHGs) and margin money for SC/ST self-employment activities and small businesses"
"ST-STATE-KA-02","Karnataka SC/ST Development Corporation - Self-Employment and Micro-Credit Loans","SC & ST","State","Karnataka","Who is eligible for Karnataka SC/ST Development Corporation - Self-Employment and Micro-Credit Loans?","Target group: SC/ST individuals, SHGs and women entrepreneurs below the prescribed income limits. Beneficiary type: Individual; Woman; SHG; Entrepreneur. Age: Not specified in the scheme guidelines. Income limit: Family income within the limits prescribed by the State SC/ST development corporations (generally low-income/BPL families; verify the current ceiling). Other conditions: SC/ST applicants with viable self-employment activity; routed through the State corporations with subsidised interest and margin support Not eligible: No specific exclusion listed - standard conditions apply (normally one benefit per beneficiary/family unless stated otherwise)"
"ST-STATE-KA-02","Karnataka SC/ST Development Corporation - Self-Employment and Micro-Credit Loans","SC & ST","State","Karnataka","What benefits/amount does Karnataka SC/ST Development Corporation - Self-Employment and Micro-Credit Loans give?","Subsidised term loans, micro-credit (through SHGs) and margin money for SC/ST self-employment activities and small businesses Headline value: Loan amounts vary by scheme (micro-credit typically Rs 25,000-Rs 1,00,000 per SHG member; term loans up to Rs 5-10 lakh) with interest subsidy and margin money support; confirm current norms with the corporation Funding pattern: State Government budget (State Sector Scheme; some state schemes also carry a central share)."
"ST-STATE-KA-02","Karnataka SC/ST Development Corporation - Self-Employment and Micro-Credit Loans","SC & ST","State","Karnataka","How do I apply for Karnataka SC/ST Development Corporation - Self-Employment and Micro-Credit Loans?","Application mode: Through the district office of the relevant SC/ST development corporation or the Seva Sindhu portal. Portal: https://sevasindhu.karnataka.gov.in. Documents needed: Caste certificate; income certificate; Aadhaar; bank account; project/activity details; SHG membership if applicable. Helpline: District office of the nodal department listed under the application portal."
"ST-STATE-AP-01","Andhra Pradesh Jagananna Vidya Deevena (post-matric fee reimbursement)","SC & ST","State","Andhra Pradesh","What is Andhra Pradesh Jagananna Vidya Deevena (post-matric fee reimbursement) (JVD)?","Andhra Pradesh Jagananna Vidya Deevena (post-matric fee reimbursement) is a SC & ST scheme of Department of Social Welfare/Backward Classes Welfare, Government of Andhra Pradesh, implemented at the state level in Andhra Pradesh. Type: State Sector Scheme. Launched: 2019 (renamed/redesigned version of earlier fee-reimbursement schemes). Status: Active (nomenclature and transfer schedule revised by the State from time to time - verify current rules). It aims to help SC, ST, BC, EBC, minority and disabled students pursuing post-matriculation education (ITI, polytechnic, degree, professional courses). Benefit: Full reimbursement of tuition/course fees paid to the college (not to the student) in instalments against attendance, ensuring fee is not a barrier for SC/ST students"
"ST-STATE-AP-01","Andhra Pradesh Jagananna Vidya Deevena (post-matric fee reimbursement)","SC & ST","State","Andhra Pradesh","Who is eligible for Andhra Pradesh Jagananna Vidya Deevena (post-matric fee reimbursement)?","Target group: SC, ST, BC, EBC, minority and disabled students pursuing post-matriculation education (ITI, polytechnic, degree, professional courses). Beneficiary type: Student. Age: Not specified in the scheme guidelines. Income limit: Prescribed family income ceilings for each category (SC/ST ceilings higher than BC/EBC). Other conditions: Full-time recognised course; attendance and progress norms; admission through the prescribed counselling process Not eligible: No specific exclusion listed - standard conditions apply (normally one benefit per beneficiary/family unless stated otherwise)"
"ST-STATE-AP-01","Andhra Pradesh Jagananna Vidya Deevena (post-matric fee reimbursement)","SC & ST","State","Andhra Pradesh","What benefits/amount does Andhra Pradesh Jagananna Vidya Deevena (post-matric fee reimbursement) give?","Full reimbursement of tuition/course fees paid to the college (not to the student) in instalments against attendance, ensuring fee is not a barrier for SC/ST students Headline value: 100% of the notified course fee paid directly to the institution in instalments (e.g. quarterly against attendance); no cap for government-notified fees Funding pattern: State Government budget (State Sector Scheme; some state schemes also carry a central share)."
"ST-STATE-AP-01","Andhra Pradesh Jagananna Vidya Deevena (post-matric fee reimbursement)","SC & ST","State","Andhra Pradesh","How do I apply for Andhra Pradesh Jagananna Vidya Deevena (post-matric fee reimbursement)?","Application mode: Online through the Jnanabhumi portal after admission. Portal: https://jnanabhumi.ap.gov.in. Documents needed: Caste certificate; income certificate; Aadhaar; SSC/inter marksheets; admission and attendance records; bank account details. Helpline: District office of the nodal department listed under the application portal."
"ST-STATE-AP-02","Andhra Pradesh Vasathi Deevena (hostel maintenance for students)","SC & ST","State","Andhra Pradesh","What is Andhra Pradesh Vasathi Deevena (hostel maintenance for students) (Vasathi Deevena)?","Andhra Pradesh Vasathi Deevena (hostel maintenance for students) is a SC & ST scheme of Department of Social Welfare, Government of Andhra Pradesh, implemented at the state level in Andhra Pradesh. Type: State Sector Scheme. Launched: 2019 (with revisions; per-student hostel charges enhanced in later years). Status: Active (rates revised periodically - verify current amount). It aims to help SC, ST, BC, EBC, minority students staying in hostels and pursuing post-matric courses. Benefit: Hostel and mess maintenance amount transferred to the student/mother's account to support living costs while studying"
"ST-STATE-AP-02","Andhra Pradesh Vasathi Deevena (hostel maintenance for students)","SC & ST","State","Andhra Pradesh","Who is eligible for Andhra Pradesh Vasathi Deevena (hostel maintenance for students)?","Target group: SC, ST, BC, EBC, minority students staying in hostels and pursuing post-matric courses. Beneficiary type: Student. Age: Not specified in the scheme guidelines. Income limit: As per category-wise income ceilings. Other conditions: Enrolled in a recognised post-matriculation course and staying in recognised hostels/private accommodation as per norms Not eligible: No specific exclusion listed - standard conditions apply (normally one benefit per beneficiary/family unless stated otherwise)"
"ST-STATE-AP-02","Andhra Pradesh Vasathi Deevena (hostel maintenance for students)","SC & ST","State","Andhra Pradesh","What benefits/amount does Andhra Pradesh Vasathi Deevena (hostel maintenance for students) give?","Hostel and mess maintenance amount transferred to the student/mother's account to support living costs while studying Headline value: Hostel maintenance of about Rs 10,000 to Rs 20,000 per year depending on course and year of study (rates revised in phases; verify the current figure) Funding pattern: State Government budget (State Sector Scheme; some state schemes also carry a central share)."
"ST-STATE-AP-02","Andhra Pradesh Vasathi Deevena (hostel maintenance for students)","SC & ST","State","Andhra Pradesh","How do I apply for Andhra Pradesh Vasathi Deevena (hostel maintenance for students)?","Application mode: Online through Jnanabhumi. Portal: https://jnanabhumi.ap.gov.in. Documents needed: Caste certificate; income certificate; Aadhaar; admission proof; bank account of student/mother. Helpline: District office of the nodal department listed under the application portal."
"ST-STATE-TN-01","Tamil Nadu Chief Minister's Inter-Caste Marriage Incentive Scheme","SC","State","Tamil Nadu","What is Tamil Nadu Chief Minister's Inter-Caste Marriage Incentive Scheme (TN Inter-Caste Marriage Incentive)?","Tamil Nadu Chief Minister's Inter-Caste Marriage Incentive Scheme is a SC scheme of Adi Dravidar and Tribal Welfare Department, Government of Tamil Nadu, implemented at the state level in Tamil Nadu. Type: State Sector Scheme. Launched: Not specified. Status: Active. It aims to help Inter-caste married couples where one spouse belongs to a Scheduled Caste (including SC converts to Christianity). Benefit: Cash incentive plus gold for the couple to support the household and encourage social integration"
"ST-STATE-TN-01","Tamil Nadu Chief Minister's Inter-Caste Marriage Incentive Scheme","SC","State","Tamil Nadu","Who is eligible for Tamil Nadu Chief Minister's Inter-Caste Marriage Incentive Scheme?","Target group: Inter-caste married couples where one spouse belongs to a Scheduled Caste (including SC converts to Christianity). Beneficiary type: Couple. Age: Not specified in the scheme guidelines. Income limit: Income ceiling as prescribed by the Department (verify current limit). Other conditions: Marriage registered and solemnised as per law; application through the District Adi Dravidar and Tribal Welfare Officer within the prescribed period Not eligible: No specific exclusion listed - standard conditions apply (normally one benefit per beneficiary/family unless stated otherwise)"
"ST-STATE-TN-01","Tamil Nadu Chief Minister's Inter-Caste Marriage Incentive Scheme","SC","State","Tamil Nadu","What benefits/amount does Tamil Nadu Chief Minister's Inter-Caste Marriage Incentive Scheme give?","Cash incentive plus gold for the couple to support the household and encourage social integration Headline value: Rs 1,00,000 cash plus 8 sovereigns (about 48 grams) of gold as per the Department's policy note Funding pattern: State Government budget (State Sector Scheme; some state schemes also carry a central share)."
"ST-STATE-TN-01","Tamil Nadu Chief Minister's Inter-Caste Marriage Incentive Scheme","SC","State","Tamil Nadu","How do I apply for Tamil Nadu Chief Minister's Inter-Caste Marriage Incentive Scheme?","Application mode: Offline application to the District Adi Dravidar and Tribal Welfare Officer. Portal: https://www.tn.gov.in (Adi Dravidar and Tribal Welfare Department). Documents needed: Marriage certificate; caste certificates; income certificate; age proof; Aadhaar; bank account; photographs. Helpline: District office of the nodal department listed under the application portal."
"ST-STATE-TN-02","Tamil Nadu Adi Dravidar Welfare - Higher Education Special Scholarship and Educational Incentives","SC & ST","State","Tamil Nadu","What is Tamil Nadu Adi Dravidar Welfare - Higher Education Special Scholarship and Educational Incentives (TN ADW Scholarships)?","Tamil Nadu Adi Dravidar Welfare - Higher Education Special Scholarship and Educational Incentives is a SC & ST scheme of Adi Dravidar and Tribal Welfare Department, Government of Tamil Nadu, implemented at the state level in Tamil Nadu. Type: State Sector Schemes. Launched: Not specified. Status: Active. It aims to help SC/ST/SC-convert students in schools, colleges and professional courses. Benefit: Special higher-education scholarship, examination fee exemption, PhD incentive, merit awards, free bicycles/laptops and hostel facilities for SC/ST students"
"ST-STATE-TN-02","Tamil Nadu Adi Dravidar Welfare - Higher Education Special Scholarship and Educational Incentives","SC & ST","State","Tamil Nadu","Who is eligible for Tamil Nadu Adi Dravidar Welfare - Higher Education Special Scholarship and Educational Incentives?","Target group: SC/ST/SC-convert students in schools, colleges and professional courses. Beneficiary type: Student. Age: Not specified in the scheme guidelines. Income limit: Rs 2,00,000 per annum for the Higher Education Special Scholarship (other incentives have separate ceilings). Other conditions: SC/ST students in government/government-aided institutions; separate schemes for pre-matric, post-matric, PhD incentive, overseas scholarship and merit awards Not eligible: No specific exclusion listed - standard conditions apply (normally one benefit per beneficiary/family unless stated otherwise)"
"ST-STATE-TN-02","Tamil Nadu Adi Dravidar Welfare - Higher Education Special Scholarship and Educational Incentives","SC & ST","State","Tamil Nadu","What benefits/amount does Tamil Nadu Adi Dravidar Welfare - Higher Education Special Scholarship and Educational Incentives give?","Special higher-education scholarship, examination fee exemption, PhD incentive, merit awards, free bicycles/laptops and hostel facilities for SC/ST students Headline value: Higher Education Special Scholarship Rs 7,500 per year (degree/polytechnic) and Rs 8,000 per year (PG/professional); full-time PhD incentive Rs 50,000 per year; Chief Minister's Merit Award Rs 3,000 per year for 1,000 best girl students; examination/application fees fully exempt Funding pattern: State Government budget (State Sector Scheme; some state schemes also carry a central share)."
"ST-STATE-TN-02","Tamil Nadu Adi Dravidar Welfare - Higher Education Special Scholarship and Educational Incentives","SC & ST","State","Tamil Nadu","How do I apply for Tamil Nadu Adi Dravidar Welfare - Higher Education Special Scholarship and Educational Incentives?","Application mode: Through the educational institution/District Adi Dravidar and Tribal Welfare Officer. Portal: https://www.tn.gov.in (Adi Dravidar and Tribal Welfare Department). Documents needed: Caste certificate; income certificate; institution certificate; Aadhaar; bank account; marksheets. Helpline: District office of the nodal department listed under the application portal."
"ST-STATE-MH-01","Maharashtra Ramai Awas (Gharkul) Yojana for SC and Nav-Buddha families","SC","State","Maharashtra","What is Maharashtra Ramai Awas (Gharkul) Yojana for SC and Nav-Buddha families (Ramai Awas Yojana)?","Maharashtra Ramai Awas (Gharkul) Yojana for SC and Nav-Buddha families is a SC scheme of Social Justice and Special Assistance Department, Government of Maharashtra, implemented at the state level in Maharashtra. Type: State Sector Scheme. Launched: Ongoing housing scheme for SC/Nav-Buddha families (rates revised 2023-25). Status: Active. It aims to help Homeless or landless SC and Nav-Buddha (Neo-Buddhist) families in rural and urban areas. Benefit: Grant for construction of a pucca house with toilet, delivered in instalments as construction progresses; some municipalities require a small beneficiary contribution"
"ST-STATE-MH-01","Maharashtra Ramai Awas (Gharkul) Yojana for SC and Nav-Buddha families","SC","State","Maharashtra","Who is eligible for Maharashtra Ramai Awas (Gharkul) Yojana for SC and Nav-Buddha families?","Target group: Homeless or landless SC and Nav-Buddha (Neo-Buddhist) families in rural and urban areas. Beneficiary type: Family. Age: Not specified in the scheme guidelines. Income limit: Annual income limit varies by area - about Rs 1 lakh (rural), Rs 1.5 lakh (municipal), Rs 2 lakh (municipal corporation areas). Other conditions: Maharashtra resident for at least 15 years; must own land or a temporary house and must not own a pucca house or have availed another housing scheme; one beneficiary per family Not eligible: No specific exclusion listed - standard conditions apply (normally one benefit per beneficiary/family unless stated otherwise)"
"ST-STATE-MH-01","Maharashtra Ramai Awas (Gharkul) Yojana for SC and Nav-Buddha families","SC","State","Maharashtra","What benefits/amount does Maharashtra Ramai Awas (Gharkul) Yojana for SC and Nav-Buddha families give?","Grant for construction of a pucca house with toilet, delivered in instalments as construction progresses; some municipalities require a small beneficiary contribution Headline value: Assistance of about Rs 1.00-1.50 lakh in rural/municipal areas and up to Rs 2.00-2.50 lakh in municipal corporation areas, plus about Rs 12,000 for toilet construction (rates revised over time; beneficiary contribution of 7.5-10% applies in urban areas) Funding pattern: State Government budget (State Sector Scheme; some state schemes also carry a central share)."
"ST-STATE-MH-01","Maharashtra Ramai Awas (Gharkul) Yojana for SC and Nav-Buddha families","SC","State","Maharashtra","How do I apply for Maharashtra Ramai Awas (Gharkul) Yojana for SC and Nav-Buddha families?","Application mode: Online through the Ramai Awas portal or offline at the Taluka Social Welfare Office/District Collector's office. Portal: https://sjsa.maharashtra.gov.in (Ramai Awas Yojana). Documents needed: Caste certificate; domicile certificate; income certificate; land/7-12 extract or house documents; Aadhaar; bank account; photograph. Helpline: District office of the nodal department listed under the application portal."
"ST-STATE-UP-01","Uttar Pradesh Pre-Matric and Post-Matric Scholarship for SC/ST Students (State component with Central share)","SC & ST","State","Uttar Pradesh","What is Uttar Pradesh Pre-Matric and Post-Matric Scholarship for SC/ST Students (State component with Central share) (UP SC/ST Scholarship)?","Uttar Pradesh Pre-Matric and Post-Matric Scholarship for SC/ST Students (State component with Central share) is a SC & ST scheme of Department of Social Welfare (Samaj Kalyan), Government of Uttar Pradesh, implemented at the state level in Uttar Pradesh. Type: State Sector + Centrally Sponsored. Launched: Not specified. Status: Active. It aims to help SC, ST and other eligible category students from Class 9 up to higher education. Benefit: Pre-matric and post-matric scholarships with fee reimbursement and maintenance for SC/ST students, plus State top-ups over the central rates"
"ST-STATE-UP-01","Uttar Pradesh Pre-Matric and Post-Matric Scholarship for SC/ST Students (State component with Central share)","SC & ST","State","Uttar Pradesh","Who is eligible for Uttar Pradesh Pre-Matric and Post-Matric Scholarship for SC/ST Students (State component with Central share)?","Target group: SC, ST and other eligible category students from Class 9 up to higher education. Beneficiary type: Student. Age: Not specified in the scheme guidelines. Income limit: Family income up to Rs 2,50,000 per annum for SC/ST (higher limits for some courses as per State rules). Other conditions: UP domicile; enrolled in a recognised institution; caste and income certificates from the competent authority Not eligible: No specific exclusion listed - standard conditions apply (normally one benefit per beneficiary/family unless stated otherwise)"
"ST-STATE-UP-01","Uttar Pradesh Pre-Matric and Post-Matric Scholarship for SC/ST Students (State component with Central share)","SC & ST","State","Uttar Pradesh","What benefits/amount does Uttar Pradesh Pre-Matric and Post-Matric Scholarship for SC/ST Students (State component with Central share) give?","Pre-matric and post-matric scholarships with fee reimbursement and maintenance for SC/ST students, plus State top-ups over the central rates Headline value: Fee reimbursement plus maintenance as per the State's annual scholarship notification and the central scheme norms; State has periodically enhanced rates and cleared arrears Funding pattern: State Government budget (State Sector Scheme; some state schemes also carry a central share)."
"ST-STATE-UP-01","Uttar Pradesh Pre-Matric and Post-Matric Scholarship for SC/ST Students (State component with Central share)","SC & ST","State","Uttar Pradesh","How do I apply for Uttar Pradesh Pre-Matric and Post-Matric Scholarship for SC/ST Students (State component with Central share)?","Application mode: Online only through the UP Scholarship portal. Portal: https://scholarship.up.gov.in. Documents needed: Caste certificate; income certificate; Aadhaar; bank account; marksheets; admission/fee receipt; domicile. Helpline: District office of the nodal department listed under the application portal."
"ST-STATE-BR-01","Bihar Mukhyamantri Kanya Utthan Yojana","SC & ST","State","Bihar","What is Bihar Mukhyamantri Kanya Utthan Yojana (Kanya Utthan)?","Bihar Mukhyamantri Kanya Utthan Yojana is a SC & ST scheme of Department of Education/Social Welfare, Government of Bihar, implemented at the state level in Bihar. Type: State Sector Scheme. Launched: 2018 (expanded 2019 with graduation incentive). Status: Active. It aims to help Girls including SC/ST girls - intermediate pass, graduate and professional course students. Benefit: Incentive amount transferred to the girl's own bank account to encourage completion of schooling and graduation"
"ST-STATE-BR-01","Bihar Mukhyamantri Kanya Utthan Yojana","SC & ST","State","Bihar","Who is eligible for Bihar Mukhyamantri Kanya Utthan Yojana?","Target group: Girls including SC/ST girls - intermediate pass, graduate and professional course students. Beneficiary type: Student; Woman. Age: As per course stage (Class 12 pass/graduation). Income limit: As per State scheme norms (universal for Bihar girls who passed the relevant examination). Other conditions: Bihar-domicile girl student who passed Intermediate or graduated from a recognised institution; application with bank account in her own name Not eligible: No specific exclusion listed - standard conditions apply (normally one benefit per beneficiary/family unless stated otherwise)"
"ST-STATE-BR-01","Bihar Mukhyamantri Kanya Utthan Yojana","SC & ST","State","Bihar","What benefits/amount does Bihar Mukhyamantri Kanya Utthan Yojana give?","Incentive amount transferred to the girl's own bank account to encourage completion of schooling and graduation Headline value: Rs 25,000 on passing Intermediate (Class 12) and Rs 50,000 on graduating (Rs 25,000 for other girls in some versions; SC/ST and girls passing in first division get the higher slabs) Funding pattern: State Government budget (State Sector Scheme; some state schemes also carry a central share)."
"ST-STATE-BR-01","Bihar Mukhyamantri Kanya Utthan Yojana","SC & ST","State","Bihar","How do I apply for Bihar Mukhyamantri Kanya Utthan Yojana?","Application mode: Online through the State's Kanya Utthan portal after publication of results. Portal: https://edudbt.bih.nic.in / Bihar Kanya Utthan portal. Documents needed: Class 12/degree marksheet; caste certificate; Aadhaar; bank account in the girl's name; domicile; photograph. Helpline: District office of the nodal department listed under the application portal."
"ST-STATE-RJ-01","Rajasthan Anuprati Coaching Yojana","SC & ST","State","Rajasthan","What is Rajasthan Anuprati Coaching Yojana (Anuprati)?","Rajasthan Anuprati Coaching Yojana is a SC & ST scheme of Social Justice and Empowerment Department, Government of Rajasthan, implemented at the state level in Rajasthan. Type: State Sector Scheme. Launched: Not specified. Status: Active. It aims to help SC, ST, OBC, MBC, EWS and minority candidates preparing for civil services and competitive examinations. Benefit: Free coaching in reputed institutes plus a stipend for SC/ST/OBC candidates for competitive examinations"
"ST-STATE-RJ-01","Rajasthan Anuprati Coaching Yojana","SC & ST","State","Rajasthan","Who is eligible for Rajasthan Anuprati Coaching Yojana?","Target group: SC, ST, OBC, MBC, EWS and minority candidates preparing for civil services and competitive examinations. Beneficiary type: Student. Age: Not specified in the scheme guidelines. Income limit: Family income up to Rs 8 lakh per annum (as per current norms; verify). Other conditions: Rajasthan domicile; pursuing graduation or a graduate; preparing for UPSC/RPSC/SSC/banking/other notified examinations; selection through an entrance test Not eligible: No specific exclusion listed - standard conditions apply (normally one benefit per beneficiary/family unless stated otherwise)"
"ST-STATE-RJ-01","Rajasthan Anuprati Coaching Yojana","SC & ST","State","Rajasthan","What benefits/amount does Rajasthan Anuprati Coaching Yojana give?","Free coaching in reputed institutes plus a stipend for SC/ST/OBC candidates for competitive examinations Headline value: Coaching fees paid by the State (up to about Rs 40,000-1,00,000 depending on course) plus stipend of about Rs 3,000 per month for outstation candidates Funding pattern: State Government budget (State Sector Scheme; some state schemes also carry a central share)."
"ST-STATE-RJ-01","Rajasthan Anuprati Coaching Yojana","SC & ST","State","Rajasthan","How do I apply for Rajasthan Anuprati Coaching Yojana?","Application mode: Online application on the Department's Anuprati portal; entrance test for selection. Portal: https://sje.rajasthan.gov.in. Documents needed: Caste certificate; income certificate; domicile; marksheets; Aadhaar; bank account; examination plan. Helpline: District office of the nodal department listed under the application portal."
"ST-STATE-RJ-02","Rajasthan Devnarayan Yojana (self-employment for SC/ST youth)","SC & ST","State","Rajasthan","What is Rajasthan Devnarayan Yojana (self-employment for SC/ST youth) (Devnarayan Yojana)?","Rajasthan Devnarayan Yojana (self-employment for SC/ST youth) is a SC & ST scheme of Social Justice and Empowerment Department, Government of Rajasthan, implemented at the state level in Rajasthan. Type: State Sector credit-linked grant scheme. Launched: Not specified. Status: Active. It aims to help Educated unemployed SC/ST youth (18-45 years) wanting to start income-generating activities. Benefit: Bank term loan with a capital/margin subsidy so that SC/ST youth can acquire income-generating assets"
"ST-STATE-RJ-02","Rajasthan Devnarayan Yojana (self-employment for SC/ST youth)","SC & ST","State","Rajasthan","Who is eligible for Rajasthan Devnarayan Yojana (self-employment for SC/ST youth)?","Target group: Educated unemployed SC/ST youth (18-45 years) wanting to start income-generating activities. Beneficiary type: Individual; Entrepreneur. Age: 18 to 45 years. Income limit: Family income within the prescribed ceiling (generally up to Rs 2.5 lakh per annum - verify). Other conditions: SC/ST youth with a viable self-employment project (transport, workshop, small manufacturing, services); training or identification as per the annual action plan Not eligible: No specific exclusion listed - standard conditions apply (normally one benefit per beneficiary/family unless stated otherwise)"
"ST-STATE-RJ-02","Rajasthan Devnarayan Yojana (self-employment for SC/ST youth)","SC & ST","State","Rajasthan","What benefits/amount does Rajasthan Devnarayan Yojana (self-employment for SC/ST youth) give?","Bank term loan with a capital/margin subsidy so that SC/ST youth can acquire income-generating assets Headline value: Project cost generally up to Rs 10 lakh with a subsidy component of about 25-50% of unit cost (maximum subsidy around Rs 2.5 lakh) and the balance as a bank loan - confirm current norms Funding pattern: State Government budget (State Sector Scheme; some state schemes also carry a central share)."
"ST-STATE-RJ-02","Rajasthan Devnarayan Yojana (self-employment for SC/ST youth)","SC & ST","State","Rajasthan","How do I apply for Rajasthan Devnarayan Yojana (self-employment for SC/ST youth)?","Application mode: Through the District Social Justice/Social Empowerment office and the bank. Portal: https://sje.rajasthan.gov.in. Documents needed: Caste certificate; income certificate; age proof; project report/quotations; Aadhaar; bank account. Helpline: District office of the nodal department listed under the application portal."
"ST-STATE-PB-01","Punjab Ashirwad Scheme (financial assistance for marriages of SC/BC girls)","SC","State","Punjab","What is Punjab Ashirwad Scheme (financial assistance for marriages of SC/BC girls) (Ashirwad Scheme)?","Punjab Ashirwad Scheme (financial assistance for marriages of SC/BC girls) is a SC scheme of Department of Social Justice, Empowerment and Minorities, Government of Punjab, implemented at the state level in Punjab. Type: State Sector Scheme. Launched: Renamed and revised over the years (formerly Shagun Scheme). Status: Active. It aims to help Girls from SC, BC and other eligible low-income families at the time of marriage. Benefit: One-time financial assistance for marriage of girls from poor SC/BC families, paid by cheque/DBT"
"ST-STATE-PB-01","Punjab Ashirwad Scheme (financial assistance for marriages of SC/BC girls)","SC","State","Punjab","Who is eligible for Punjab Ashirwad Scheme (financial assistance for marriages of SC/BC girls)?","Target group: Girls from SC, BC and other eligible low-income families at the time of marriage. Beneficiary type: Woman; Family. Age: Bride at least 18 years. Income limit: Family income up to about Rs 32,000 per month (Rs 3,84,000 per year) as per State norms - verify. Other conditions: Punjab domicile; the marriage should be the first marriage of the girl; application before/within the prescribed period of marriage with certificates; one grant per girl Not eligible: No specific exclusion listed - standard conditions apply (normally one benefit per beneficiary/family unless stated otherwise)"
"ST-STATE-PB-01","Punjab Ashirwad Scheme (financial assistance for marriages of SC/BC girls)","SC","State","Punjab","What benefits/amount does Punjab Ashirwad Scheme (financial assistance for marriages of SC/BC girls) give?","One-time financial assistance for marriage of girls from poor SC/BC families, paid by cheque/DBT Headline value: Rs 51,000 per eligible girl (rate enhanced over the years; earlier Rs 21,000 and Rs 31,000) Funding pattern: State Government budget (State Sector Scheme; some state schemes also carry a central share)."
"ST-STATE-PB-01","Punjab Ashirwad Scheme (financial assistance for marriages of SC/BC girls)","SC","State","Punjab","How do I apply for Punjab Ashirwad Scheme (financial assistance for marriages of SC/BC girls)?","Application mode: Apply online through the Punjab e-Sewa portal or the District Social Security office. Portal: https://esewa.punjab.gov.in. Documents needed: Caste certificate; income certificate; age proof; marriage certificate/invitation card; Aadhaar; bank account; residence proof. Helpline: District office of the nodal department listed under the application portal."
"ST-STATE-HR-01","Haryana Dr. Ambedkar Medhavi Chhatra Yojana and SC scholarships","SC","State","Haryana","What is Haryana Dr. Ambedkar Medhavi Chhatra Yojana and SC scholarships (HR SC Scholarship)?","Haryana Dr. Ambedkar Medhavi Chhatra Yojana and SC scholarships is a SC scheme of Department of Welfare of Scheduled Castes and Backward Classes, Government of Haryana, implemented at the state level in Haryana. Type: State Sector + Centrally Sponsored. Launched: Not specified. Status: Active. It aims to help SC students in Classes 11-12 and higher/professional courses in Haryana. Benefit: Post-matric scholarship, fee support and merit awards for SC students in Haryana"
"ST-STATE-HR-01","Haryana Dr. Ambedkar Medhavi Chhatra Yojana and SC scholarships","SC","State","Haryana","Who is eligible for Haryana Dr. Ambedkar Medhavi Chhatra Yojana and SC scholarships?","Target group: SC students in Classes 11-12 and higher/professional courses in Haryana. Beneficiary type: Student. Age: Not specified in the scheme guidelines. Income limit: Family income up to Rs 2,50,000 per annum for post-matric SC scholarship; separate norms for merit-based awards. Other conditions: Haryana domicile; SC student in a recognised institution; marks-based eligibility for the merit scholarship component Not eligible: No specific exclusion listed - standard conditions apply (normally one benefit per beneficiary/family unless stated otherwise)"
"ST-STATE-HR-01","Haryana Dr. Ambedkar Medhavi Chhatra Yojana and SC scholarships","SC","State","Haryana","What benefits/amount does Haryana Dr. Ambedkar Medhavi Chhatra Yojana and SC scholarships give?","Post-matric scholarship, fee support and merit awards for SC students in Haryana Headline value: Maintenance allowance and fee reimbursement as per the State/central norms plus merit-wise awards under the Medhavi Chhatra component (amounts differ by class and merit) Funding pattern: State Government budget (State Sector Scheme; some state schemes also carry a central share)."
"ST-STATE-HR-01","Haryana Dr. Ambedkar Medhavi Chhatra Yojana and SC scholarships","SC","State","Haryana","How do I apply for Haryana Dr. Ambedkar Medhavi Chhatra Yojana and SC scholarships?","Application mode: Online through the Haryana scholarship portal (Dr. Ambedkar Scholarships). Portal: https://scholarships.highereduhry.ac.in / https://haryanascbc.gov.in. Documents needed: Caste certificate; income certificate; Aadhaar; bank account; marksheets; institute verification; domicile. Helpline: District office of the nodal department listed under the application portal."
"ST-STATE-GJ-01","Gujarat Dr. Ambedkar Awas Yojana (housing for SC/ST families)","SC & ST","State","Gujarat","What is Gujarat Dr. Ambedkar Awas Yojana (housing for SC/ST families) (GJ Ambedkar Awas)?","Gujarat Dr. Ambedkar Awas Yojana (housing for SC/ST families) is a SC & ST scheme of Social Justice and Empowerment Department, Government of Gujarat (SC Development Corporation / ST Development Corporation), implemented at the state level in Gujarat. Type: State Sector Scheme. Launched: Not specified. Status: Active. It aims to help Homeless SC/ST families in Gujarat. Benefit: Assistance for construction of a pucca house, released in instalments against verified progress"
"ST-STATE-GJ-01","Gujarat Dr. Ambedkar Awas Yojana (housing for SC/ST families)","SC & ST","State","Gujarat","Who is eligible for Gujarat Dr. Ambedkar Awas Yojana (housing for SC/ST families)?","Target group: Homeless SC/ST families in Gujarat. Beneficiary type: Family. Age: Not specified in the scheme guidelines. Income limit: Family income up to the prescribed ceiling (about Rs 1.5-2 lakh per annum in recent years - verify). Other conditions: SC/ST family without a pucca house; land ownership or allotment as per norms; one house per family; not a beneficiary of another housing scheme Not eligible: No specific exclusion listed - standard conditions apply (normally one benefit per beneficiary/family unless stated otherwise)"
"ST-STATE-GJ-01","Gujarat Dr. Ambedkar Awas Yojana (housing for SC/ST families)","SC & ST","State","Gujarat","What benefits/amount does Gujarat Dr. Ambedkar Awas Yojana (housing for SC/ST families) give?","Assistance for construction of a pucca house, released in instalments against verified progress Headline value: Assistance of about Rs 1.2-1.5 lakh per beneficiary in rural areas and higher in urban areas (rates revised periodically) - confirm with the corporation Funding pattern: State Government budget (State Sector Scheme; some state schemes also carry a central share)."
"ST-STATE-GJ-01","Gujarat Dr. Ambedkar Awas Yojana (housing for SC/ST families)","SC & ST","State","Gujarat","How do I apply for Gujarat Dr. Ambedkar Awas Yojana (housing for SC/ST families)?","Application mode: Offline/online application to the district SC/ST Development Corporation office or through the e-Samaj portal. Portal: https://sje.gujarat.gov.in / e-Samaj portal. Documents needed: Caste certificate; income certificate; land documents; Aadhaar; bank account; residence proof. Helpline: District office of the nodal department listed under the application portal."
"ST-STATE-MP-01","Madhya Pradesh SC/ST Scholarship and Abhyudaya Yojana study support","SC & ST","State","Madhya Pradesh","What is Madhya Pradesh SC/ST Scholarship and Abhyudaya Yojana study support (MP SC/ST Scholarship)?","Madhya Pradesh SC/ST Scholarship and Abhyudaya Yojana study support is a SC & ST scheme of Department of Social Justice, Government of Madhya Pradesh, implemented at the state level in Madhya Pradesh. Type: State Sector + Centrally Sponsored. Launched: Not specified. Status: Active. It aims to help SC/ST students from Class 9 to higher education, including those in coaching for competitive exams. Benefit: Scholarships, fee support and free coaching/stipend for SC/ST students in Madhya Pradesh"
"ST-STATE-MP-01","Madhya Pradesh SC/ST Scholarship and Abhyudaya Yojana study support","SC & ST","State","Madhya Pradesh","Who is eligible for Madhya Pradesh SC/ST Scholarship and Abhyudaya Yojana study support?","Target group: SC/ST students from Class 9 to higher education, including those in coaching for competitive exams. Beneficiary type: Student. Age: Not specified in the scheme guidelines. Income limit: Family income up to Rs 2,50,000 per annum (higher for certain professional courses). Other conditions: MP domicile; SC/ST student in a recognised institution; separate eligibility for the Abhyudaya Yojana coaching component Not eligible: No specific exclusion listed - standard conditions apply (normally one benefit per beneficiary/family unless stated otherwise)"
"ST-STATE-MP-01","Madhya Pradesh SC/ST Scholarship and Abhyudaya Yojana study support","SC & ST","State","Madhya Pradesh","What benefits/amount does Madhya Pradesh SC/ST Scholarship and Abhyudaya Yojana study support give?","Scholarships, fee support and free coaching/stipend for SC/ST students in Madhya Pradesh Headline value: Pre/post-matric scholarship rates as per State notification plus maintenance allowance; Abhyudaya Yojana provides free coaching with a stipend (about Rs 1,000 per month) for eligible students Funding pattern: State Government budget (State Sector Scheme; some state schemes also carry a central share)."
"ST-STATE-MP-01","Madhya Pradesh SC/ST Scholarship and Abhyudaya Yojana study support","SC & ST","State","Madhya Pradesh","How do I apply for Madhya Pradesh SC/ST Scholarship and Abhyudaya Yojana study support?","Application mode: Online through the MP scholarship portal; separate portal for Abhyudaya Yojana. Portal: https://scholarshipportal.mp.nic.in. Documents needed: Caste certificate; income certificate; Aadhaar; bank account; marksheets; institute verification. Helpline: District office of the nodal department listed under the application portal."
"ST-STATE-OD-01","Odisha Madho Singh Haath Kharcha Yojana","ST","State","Odisha","What is Odisha Madho Singh Haath Kharcha Yojana (Haath Kharcha)?","Odisha Madho Singh Haath Kharcha Yojana is a ST scheme of ST and SC Development Department, Government of Odisha, implemented at the state level in Odisha. Type: State Sector Scheme. Launched: 2022-23. Status: Active. It aims to help ST students studying in Class 9 and Class 10 in Odisha, especially those in government schools. Benefit: Annual 'pocket money' support paid into the student's bank account to reduce dropout and encourage continuation into secondary education"
"ST-STATE-OD-01","Odisha Madho Singh Haath Kharcha Yojana","ST","State","Odisha","Who is eligible for Odisha Madho Singh Haath Kharcha Yojana?","Target group: ST students studying in Class 9 and Class 10 in Odisha, especially those in government schools. Beneficiary type: Student. Age: Not specified in the scheme guidelines. Income limit: No separate income ceiling (targeted at ST students). Other conditions: ST student enrolled in Class 9 or 10 in a recognised school; aimed at reducing dropout among tribal students Not eligible: No specific exclusion listed - standard conditions apply (normally one benefit per beneficiary/family unless stated otherwise)"
"ST-STATE-OD-01","Odisha Madho Singh Haath Kharcha Yojana","ST","State","Odisha","What benefits/amount does Odisha Madho Singh Haath Kharcha Yojana give?","Annual 'pocket money' support paid into the student's bank account to reduce dropout and encourage continuation into secondary education Headline value: Rs 5,000 per year for ST students of Classes 9 and 10 (helps meet hostel/study expenses; paid through DBT) Funding pattern: State Government budget (State Sector Scheme; some state schemes also carry a central share)."
"ST-STATE-OD-01","Odisha Madho Singh Haath Kharcha Yojana","ST","State","Odisha","How do I apply for Odisha Madho Singh Haath Kharcha Yojana?","Application mode: Through the school; the department processes payment through the State scholarship system. Portal: https://stsc.odisha.gov.in. Documents needed: ST certificate; school enrolment proof; Aadhaar; bank account in the student's name. Helpline: District office of the nodal department listed under the application portal."
"ST-STATE-WB-01","West Bengal Sikshashree (pre-matric scholarship for SC/ST students)","SC & ST","State","West Bengal","What is West Bengal Sikshashree (pre-matric scholarship for SC/ST students) (Sikshashree)?","West Bengal Sikshashree (pre-matric scholarship for SC/ST students) is a SC & ST scheme of Backward Classes Welfare Department, Government of West Bengal, implemented at the state level in West Bengal. Type: State Sector Scheme. Launched: Running since the 2000s (amounts revised later). Status: Active. It aims to help SC/ST students studying in Classes V to VIII in West Bengal. Benefit: Annual scholarship credited to the student for continuing schooling in the upper-primary classes"
"ST-STATE-WB-01","West Bengal Sikshashree (pre-matric scholarship for SC/ST students)","SC & ST","State","West Bengal","Who is eligible for West Bengal Sikshashree (pre-matric scholarship for SC/ST students)?","Target group: SC/ST students studying in Classes V to VIII in West Bengal. Beneficiary type: Student. Age: Not specified in the scheme guidelines. Income limit: Family income as prescribed by the State (low-income families; verify current ceiling). Other conditions: SC/ST student in a recognised school in Classes V-VIII with regular attendance; application through the school Not eligible: No specific exclusion listed - standard conditions apply (normally one benefit per beneficiary/family unless stated otherwise)"
"ST-STATE-WB-01","West Bengal Sikshashree (pre-matric scholarship for SC/ST students)","SC & ST","State","West Bengal","What benefits/amount does West Bengal Sikshashree (pre-matric scholarship for SC/ST students) give?","Annual scholarship credited to the student for continuing schooling in the upper-primary classes Headline value: About Rs 800 per year per student (payable in instalments) as per the State norms Funding pattern: State Government budget (State Sector Scheme; some state schemes also carry a central share)."
"ST-STATE-WB-01","West Bengal Sikshashree (pre-matric scholarship for SC/ST students)","SC & ST","State","West Bengal","How do I apply for West Bengal Sikshashree (pre-matric scholarship for SC/ST students)?","Application mode: Through the school; the department inputs beneficiary data into the State system. Portal: https://bcwelfarewb.gov.in. Documents needed: Caste certificate; school enrolment/attendance proof; Aadhaar; bank account of the student. Helpline: District office of the nodal department listed under the application portal."
"ST-STATE-JH-01","Jharkhand Guruji Credit Card Yojana","SC & ST","State","Jharkhand","What is Jharkhand Guruji Credit Card Yojana (GCCY)?","Jharkhand Guruji Credit Card Yojana is a SC & ST scheme of Department of Higher and Technical Education, Government of Jharkhand, implemented at the state level in Jharkhand. Type: State Sector credit scheme. Launched: 2023-24. Status: Active. It aims to help Students of Jharkhand, including SC/ST students, taking admission in higher education institutions (including outside the State). Benefit: Education loan at concessional terms with the State acting as guarantor, enabling students without collateral to pursue higher education"
"ST-STATE-JH-01","Jharkhand Guruji Credit Card Yojana","SC & ST","State","Jharkhand","Who is eligible for Jharkhand Guruji Credit Card Yojana?","Target group: Students of Jharkhand, including SC/ST students, taking admission in higher education institutions (including outside the State). Beneficiary type: Student. Age: Not specified in the scheme guidelines. Income limit: Family income up to Rs 8 lakh per annum as per scheme norms. Other conditions: Jharkhand domicile; admission to a recognised degree/PG/professional course; loan used for tuition and related expenses; State stands guarantee through the nodal agency Not eligible: No specific exclusion listed - standard conditions apply (normally one benefit per beneficiary/family unless stated otherwise)"
"ST-STATE-JH-01","Jharkhand Guruji Credit Card Yojana","SC & ST","State","Jharkhand","What benefits/amount does Jharkhand Guruji Credit Card Yojana give?","Education loan at concessional terms with the State acting as guarantor, enabling students without collateral to pursue higher education Headline value: Loan up to Rs 15 lakh per student at concessional interest with the State guarantee (repayment after completion of course with moratorium) Funding pattern: State Government budget (State Sector Scheme; some state schemes also carry a central share)."
"ST-STATE-JH-01","Jharkhand Guruji Credit Card Yojana","SC & ST","State","Jharkhand","How do I apply for Jharkhand Guruji Credit Card Yojana?","Application mode: Online application through the State portal, then bank processing. Portal: https://jharakhandeducation.in / https://gcc.jharkhand.gov.in. Documents needed: Domicile; caste certificate; admission letter; fee structure; Aadhaar; bank account; academic records. Helpline: District office of the nodal department listed under the application portal."
"ST-STATE-CT-01","Chhattisgarh SC/ST Pre-Matric and Post-Matric Scholarship","SC & ST","State","Chhattisgarh","What is Chhattisgarh SC/ST Pre-Matric and Post-Matric Scholarship (CG SC/ST Scholarship)?","Chhattisgarh SC/ST Pre-Matric and Post-Matric Scholarship is a SC & ST scheme of Social Welfare Department, Government of Chhattisgarh, implemented at the state level in Chhattisgarh. Type: State Sector + Centrally Sponsored. Launched: Not specified. Status: Active. It aims to help SC/ST students from Class 9 up to higher and professional education. Benefit: Pre-matric and post-matric scholarships with maintenance allowance and fee support"
"ST-STATE-CT-01","Chhattisgarh SC/ST Pre-Matric and Post-Matric Scholarship","SC & ST","State","Chhattisgarh","Who is eligible for Chhattisgarh SC/ST Pre-Matric and Post-Matric Scholarship?","Target group: SC/ST students from Class 9 up to higher and professional education. Beneficiary type: Student. Age: Not specified in the scheme guidelines. Income limit: Family income up to Rs 2,50,000 per annum for SC/ST (as per central norms). Other conditions: Chhattisgarh domicile; SC/ST student in a recognised institution; caste and income certificates Not eligible: No specific exclusion listed - standard conditions apply (normally one benefit per beneficiary/family unless stated otherwise)"
"ST-STATE-CT-01","Chhattisgarh SC/ST Pre-Matric and Post-Matric Scholarship","SC & ST","State","Chhattisgarh","What benefits/amount does Chhattisgarh SC/ST Pre-Matric and Post-Matric Scholarship give?","Pre-matric and post-matric scholarships with maintenance allowance and fee support Headline value: As per central scheme rates plus State top-ups where notified (maintenance Rs 230-1,200 per month depending on course/hostel status) Funding pattern: State Government budget (State Sector Scheme; some state schemes also carry a central share)."
"ST-STATE-CT-01","Chhattisgarh SC/ST Pre-Matric and Post-Matric Scholarship","SC & ST","State","Chhattisgarh","How do I apply for Chhattisgarh SC/ST Pre-Matric and Post-Matric Scholarship?","Application mode: Online through the State scholarship portal. Portal: https://scholarship.cg.nic.in. Documents needed: Caste certificate; income certificate; Aadhaar; bank account; marksheets; institute certification. Helpline: District office of the nodal department listed under the application portal."
"ST-STATE-KL-01","Kerala SC/ST Post-Matric Scholarship and Fee Concessions","SC & ST","State","Kerala","What is Kerala SC/ST Post-Matric Scholarship and Fee Concessions (KL SC/ST Scholarship)?","Kerala SC/ST Post-Matric Scholarship and Fee Concessions is a SC & ST scheme of Department of Scheduled Castes and Scheduled Tribes Development, Government of Kerala, implemented at the state level in Kerala. Type: State Sector + Centrally Sponsored. Launched: Not specified. Status: Active. It aims to help SC/ST students in Kerala pursuing post-matriculation, higher and professional courses. Benefit: Post-matric scholarship with maintenance allowance, fee concessions, and hostel support for SC/ST students"
"ST-STATE-KL-01","Kerala SC/ST Post-Matric Scholarship and Fee Concessions","SC & ST","State","Kerala","Who is eligible for Kerala SC/ST Post-Matric Scholarship and Fee Concessions?","Target group: SC/ST students in Kerala pursuing post-matriculation, higher and professional courses. Beneficiary type: Student. Age: Not specified in the scheme guidelines. Income limit: As per State norms (generally the central limit of Rs 2.5 lakh per annum). Other conditions: Kerala domicile; SC/ST student in a recognised course; applications through the institution Not eligible: No specific exclusion listed - standard conditions apply (normally one benefit per beneficiary/family unless stated otherwise)"
"ST-STATE-KL-01","Kerala SC/ST Post-Matric Scholarship and Fee Concessions","SC & ST","State","Kerala","What benefits/amount does Kerala SC/ST Post-Matric Scholarship and Fee Concessions give?","Post-matric scholarship with maintenance allowance, fee concessions, and hostel support for SC/ST students Headline value: State rates plus central share - maintenance allowance and full fee concession as notified annually Funding pattern: State Government budget (State Sector Scheme; some state schemes also carry a central share)."
"ST-STATE-KL-01","Kerala SC/ST Post-Matric Scholarship and Fee Concessions","SC & ST","State","Kerala","How do I apply for Kerala SC/ST Post-Matric Scholarship and Fee Concessions?","Application mode: Online through the Kerala e-grantz portal. Portal: https://egrantz.kerala.gov.in. Documents needed: Caste certificate; income certificate; Aadhaar; bank account; institution verification; marksheets. Helpline: District office of the nodal department listed under the application portal."
"ST-STATE-HP-01","Himachal Pradesh SC/ST Development Corporation Loans and Grants","SC & ST","State","Himachal Pradesh","What is Himachal Pradesh SC/ST Development Corporation Loans and Grants (HP SC/ST Corp)?","Himachal Pradesh SC/ST Development Corporation Loans and Grants is a SC & ST scheme of Department of Social Justice and Empowerment, Government of Himachal Pradesh, implemented at the state level in Himachal Pradesh. Type: State Sector credit scheme. Launched: Not specified. Status: Active. It aims to help SC/ST persons and women in Himachal Pradesh below the prescribed income limit. Benefit: Term loans at concessional rates with margin money assistance for self-employment, small business, transport and education"
"ST-STATE-HP-01","Himachal Pradesh SC/ST Development Corporation Loans and Grants","SC & ST","State","Himachal Pradesh","Who is eligible for Himachal Pradesh SC/ST Development Corporation Loans and Grants?","Target group: SC/ST persons and women in Himachal Pradesh below the prescribed income limit. Beneficiary type: Individual; Woman; SHG; Entrepreneur. Age: Not specified in the scheme guidelines. Income limit: Family income as per State norms (generally up to double the poverty line). Other conditions: HP domicile; SC/ST applicant with a viable self-employment plan; applications through the Corporation's district office Not eligible: No specific exclusion listed - standard conditions apply (normally one benefit per beneficiary/family unless stated otherwise)"
"ST-STATE-HP-01","Himachal Pradesh SC/ST Development Corporation Loans and Grants","SC & ST","State","Himachal Pradesh","What benefits/amount does Himachal Pradesh SC/ST Development Corporation Loans and Grants give?","Term loans at concessional rates with margin money assistance for self-employment, small business, transport and education Headline value: Loans up to Rs 5-10 lakh with a small margin subsidy; interest concession for women borrowers - confirm current terms Funding pattern: State Government budget (State Sector Scheme; some state schemes also carry a central share)."
"ST-STATE-HP-01","Himachal Pradesh SC/ST Development Corporation Loans and Grants","SC & ST","State","Himachal Pradesh","How do I apply for Himachal Pradesh SC/ST Development Corporation Loans and Grants?","Application mode: Offline at the Corporation's district office/directorate with bank tie-up. Portal: https://hpscstcorporation.in. Documents needed: Caste certificate; income certificate; project report/quotations; Aadhaar; bank account; residence proof. Helpline: District office of the nodal department listed under the application portal."
"ST-STATE-DL-01","Delhi Schedule Caste and Scheduled Tribe Finance and Development Corporation - Loan Schemes","SC & ST","State","Delhi","What is Delhi Schedule Caste and Scheduled Tribe Finance and Development Corporation - Loan Schemes (DSCSTFDC)?","Delhi Schedule Caste and Scheduled Tribe Finance and Development Corporation - Loan Schemes is a SC & ST scheme of Department of Social Welfare, Government of NCT of Delhi (SC/ST Finance and Development Corporation), implemented at the state level in Delhi. Type: State Sector credit scheme. Launched: Not specified. Status: Active. It aims to help SC/ST residents of Delhi with family income within the prescribed ceiling (notified annually; generally up to about Rs 3 lakh for urban areas). Benefit: Low-interest term loans and margin money for SC/ST residents of Delhi to start or expand small businesses, transport, and other income-generating activities; women get interest concession"
"ST-STATE-DL-01","Delhi Schedule Caste and Scheduled Tribe Finance and Development Corporation - Loan Schemes","SC & ST","State","Delhi","Who is eligible for Delhi Schedule Caste and Scheduled Tribe Finance and Development Corporation - Loan Schemes?","Target group: SC/ST residents of Delhi with family income within the prescribed ceiling (notified annually; generally up to about Rs 3 lakh for urban areas). Beneficiary type: Individual; Woman; Entrepreneur. Age: 18 to 55 years (as per scheme norms). Income limit: Family income as notified by the Corporation (urban Delhi norms apply). Other conditions: Delhi domicile; SC/ST applicant with a viable business or self-employment proposal; for non-individual entities at least 51% SC/ST ownership; no default with any bank Not eligible: No specific exclusion listed - standard conditions apply (normally one benefit per beneficiary/family unless stated otherwise)"
"ST-STATE-DL-01","Delhi Schedule Caste and Scheduled Tribe Finance and Development Corporation - Loan Schemes","SC & ST","State","Delhi","What benefits/amount does Delhi Schedule Caste and Scheduled Tribe Finance and Development Corporation - Loan Schemes give?","Low-interest term loans and margin money for SC/ST residents of Delhi to start or expand small businesses, transport, and other income-generating activities; women get interest concession Headline value: Loans typically from Rs 25,000 to Rs 10 lakh depending on the activity, with concessional interest (about 5-8% per annum) and a margin-money top-up; verify current slabs with the Corporation Funding pattern: State Government budget (State Sector Scheme; some state schemes also carry a central share)."
"ST-STATE-DL-01","Delhi Schedule Caste and Scheduled Tribe Finance and Development Corporation - Loan Schemes","SC & ST","State","Delhi","How do I apply for Delhi Schedule Caste and Scheduled Tribe Finance and Development Corporation - Loan Schemes?","Application mode: Offline application at the DSCSTFDC office (GNCTD Social Welfare Department) or through partner bank branches. Portal: https://dscstfdc.in / https://socialwelfare.delhi.gov.in. Documents needed: Caste certificate (SC/ST); income certificate; Delhi residence/domicile proof; Aadhaar; bank account; project report/quotations; no-dues certificate. Helpline: District office of the nodal department listed under the application portal."
"ST-STATE-DL-02","Delhi Post-Matric Scholarship for SC/ST/OBC/Minority Students (State share and top-up)","SC & ST","State","Delhi","What is Delhi Post-Matric Scholarship for SC/ST/OBC/Minority Students (State share and top-up) (Delhi PMS SC/ST)?","Delhi Post-Matric Scholarship for SC/ST/OBC/Minority Students (State share and top-up) is a SC & ST scheme of Department of Social Welfare, Government of NCT of Delhi, implemented at the state level in Delhi. Type: State Sector component of the centrally sponsored scheme. Launched: Not specified. Status: Active. It aims to help SC/ST (and OBC/minority) students domiciled in Delhi studying in post-matriculation courses. Benefit: Maintenance allowance and fee reimbursement for SC/ST students domiciled in Delhi, with the State topping up the central share"
"ST-STATE-DL-02","Delhi Post-Matric Scholarship for SC/ST/OBC/Minority Students (State share and top-up)","SC & ST","State","Delhi","Who is eligible for Delhi Post-Matric Scholarship for SC/ST/OBC/Minority Students (State share and top-up)?","Target group: SC/ST (and OBC/minority) students domiciled in Delhi studying in post-matriculation courses. Beneficiary type: Student. Age: Not specified in the scheme guidelines. Income limit: Family income up to Rs 2,50,000 per annum for SC/ST as per the central norms. Other conditions: Delhi domicile; study in a recognised institution; application through the National Scholarship Portal (state scheme window) with verification Not eligible: No specific exclusion listed - standard conditions apply (normally one benefit per beneficiary/family unless stated otherwise)"
"ST-STATE-DL-02","Delhi Post-Matric Scholarship for SC/ST/OBC/Minority Students (State share and top-up)","SC & ST","State","Delhi","What benefits/amount does Delhi Post-Matric Scholarship for SC/ST/OBC/Minority Students (State share and top-up) give?","Maintenance allowance and fee reimbursement for SC/ST students domiciled in Delhi, with the State topping up the central share Headline value: As per the National Scholarship Portal rates for the Delhi state scheme window (maintenance Rs 230-1,200 per month plus fees) Funding pattern: State Government budget (State Sector Scheme; some state schemes also carry a central share)."
"ST-STATE-DL-02","Delhi Post-Matric Scholarship for SC/ST/OBC/Minority Students (State share and top-up)","SC & ST","State","Delhi","How do I apply for Delhi Post-Matric Scholarship for SC/ST/OBC/Minority Students (State share and top-up)?","Application mode: Online through the National Scholarship Portal (Delhi state scheme). Portal: https://scholarships.gov.in / https://edistrict.delhigovt.nic.in. Documents needed: Caste certificate; income certificate; Delhi domicile; Aadhaar; bank account; institution verification; marksheets. Helpline: District office of the nodal department listed under the application portal."
"X-STU-001","UGC Post-Doctoral Fellowship for Scheduled Caste and Scheduled Tribe Candidates","SC & ST","Central","All India","What is UGC Post-Doctoral Fellowship for Scheduled Caste and Scheduled Tribe Candidates (UGC PDF (SC/ST))?","UGC Post-Doctoral Fellowship for Scheduled Caste and Scheduled Tribe Candidates is a SC & ST scheme of Ministry of Education (University Grants Commission), implemented at the central level in All India. Type: Central Sector Scheme. Launched: Running since the 1990s-2000s; award rates revised with effect from 1 December 2014 (and later). Status: Active. It aims to help Unemployed SC/ST candidates holding a PhD who want to do advanced research. Benefit: Monthly post-doctoral fellowship for 5 years, contingency grant for research expenses, HRA as per institution rules and escort/reader assistance for persons with disabilities - all through DBT"
"X-STU-001","UGC Post-Doctoral Fellowship for Scheduled Caste and Scheduled Tribe Candidates","SC & ST","Central","All India","Who is eligible for UGC Post-Doctoral Fellowship for Scheduled Caste and Scheduled Tribe Candidates?","Target group: Unemployed SC/ST candidates holding a PhD who want to do advanced research. Beneficiary type: Student; Researcher. Age: Up to 50 years for men and up to 55 years for women (relaxation for PwD as per norms). Income limit: No income ceiling - the candidate must be unemployed and not drawing any other fellowship/salary. Other conditions: PhD degree in any subject; at least 50% marks at graduation and 55% at post-graduation; research to be conducted at a UGC-recognised university/college/institute of national importance; NOC from the proposed research centre needed Not eligible: Candidates already in employment or receiving another fellowship must resign before joining; fellowship terminates on resignation; no extension beyond the sanctioned duration"
"X-STU-001","UGC Post-Doctoral Fellowship for Scheduled Caste and Scheduled Tribe Candidates","SC & ST","Central","All India","What benefits/amount does UGC Post-Doctoral Fellowship for Scheduled Caste and Scheduled Tribe Candidates give?","Monthly post-doctoral fellowship for 5 years, contingency grant for research expenses, HRA as per institution rules and escort/reader assistance for persons with disabilities - all through DBT Headline value: Rs 38,800 per month for the first two years and Rs 46,500 per month from the third year; contingency grant Rs 50,000 per year; escort/reader assistance Rs 2,000 per month for PwD candidates; duration 5 years with no extension Funding pattern: 100% Central (UGC)."
"X-STU-001","UGC Post-Doctoral Fellowship for Scheduled Caste and Scheduled Tribe Candidates","SC & ST","Central","All India","How do I apply for UGC Post-Doctoral Fellowship for Scheduled Caste and Scheduled Tribe Candidates?","Application mode: Online application on the UGC portal when the call is announced; screening plus expert-committee interview. Portal: https://www.ugc.gov.in. Documents needed: Caste certificate (SC/ST); PhD degree/provisional certificate; UG and PG marksheets; NOC from the research centre; bank account; Aadhaar; research proposal. Helpline: UGC scholarship/fellowship helpdesk, New Delhi."
"X-STU-001","UGC Post-Doctoral Fellowship for Scheduled Caste and Scheduled Tribe Candidates","SC & ST","Central","All India","What are the latest changes in UGC Post-Doctoral Fellowship for Scheduled Caste and Scheduled Tribe Candidates?","Rates continue at Rs 38,800/Rs 46,500 per month with Rs 50,000 annual contingency; applications invited in UGC cycles; Aadhaar-based DBT and 3-monthly institutional verification for continuity (Last verified: 2026-09-23, confidence: High.)"
"SC-STU-002","Rajiv Gandhi National Fellowship for Scheduled Caste Students (historical predecessor of NFSC)","SC","Central","All India","What is Rajiv Gandhi National Fellowship for Scheduled Caste Students (historical predecessor of NFSC) (RGNF-SC)?","Rajiv Gandhi National Fellowship for Scheduled Caste Students (historical predecessor of NFSC) is a SC scheme of Ministry of Social Justice and Empowerment (implemented by UGC), implemented at the central level in All India. Type: Central Sector Scheme. Launched: 2005-06. Status: Merged & renamed. It aims to help SC students pursuing MPhil/PhD in Indian universities. Benefit: Monthly fellowship with contingency grant and HRA for SC research scholars - the earlier version of today's NFSC"
"SC-STU-002","Rajiv Gandhi National Fellowship for Scheduled Caste Students (historical predecessor of NFSC)","SC","Central","All India","Who is eligible for Rajiv Gandhi National Fellowship for Scheduled Caste Students (historical predecessor of NFSC)?","Target group: SC students pursuing MPhil/PhD in Indian universities. Beneficiary type: Student; Researcher. Age: As per UGC norms for the fellowship. Income limit: No income ceiling; candidate should not be employed. Other conditions: SC candidate registered for MPhil/PhD in a UGC-recognised university; merit-based selection on the qualifying PG degree Not eligible: Continue only for the sanctioned duration; fellows drawing other fellowships/salary were not eligible"
"SC-STU-002","Rajiv Gandhi National Fellowship for Scheduled Caste Students (historical predecessor of NFSC)","SC","Central","All India","What benefits/amount does Rajiv Gandhi National Fellowship for Scheduled Caste Students (historical predecessor of NFSC) give?","Monthly fellowship with contingency grant and HRA for SC research scholars - the earlier version of today's NFSC Headline value: Fellowship rates of that period (started around Rs 8,000-12,000 per month for JRF/SRF with annual escalation and contingency grant) - useful for historical comparisons of fellowship growth Funding pattern: 100% Central."
"SC-STU-002","Rajiv Gandhi National Fellowship for Scheduled Caste Students (historical predecessor of NFSC)","SC","Central","All India","How do I apply for Rajiv Gandhi National Fellowship for Scheduled Caste Students (historical predecessor of NFSC)?","Application mode: Online applications were invited by UGC each year (scheme now closed). Portal: https://www.ugc.gov.in (historical). Documents needed: Caste certificate; PG marksheets; PhD registration proof; bank details (historical requirements). Helpline: UGC fellowship helpdesk."
"SC-STU-002","Rajiv Gandhi National Fellowship for Scheduled Caste Students (historical predecessor of NFSC)","SC","Central","All India","What happened to Rajiv Gandhi National Fellowship for Scheduled Caste Students (historical predecessor of NFSC) - is it still running?","Status: Merged & renamed. Earlier scheme(s): Not specified. Now replaced/continued by: National Fellowship for Scheduled Caste Students (NFSC) - renamed and revamped from 2012-13 and 2019-20. Active period: 2005-06 to 2012-13 (fellows continued till completion of their fellowships, including up to 2017-18 for existing batches). No fresh awards after the renaming; legacy fellows completed their tenure; the current version is NFSC with about 2,000 fellowships per year"
"SC-STU-002","Rajiv Gandhi National Fellowship for Scheduled Caste Students (historical predecessor of NFSC)","SC","Central","All India","What are the latest changes in Rajiv Gandhi National Fellowship for Scheduled Caste Students (historical predecessor of NFSC)?","No fresh awards after the renaming; legacy fellows completed their tenure; the current version is NFSC with about 2,000 fellowships per year (Last verified: 2026-09-23, confidence: High.)"
"X-STU-003","Tuition fee waiver, free messing and pocket allowance for SC/ST/PwD students in IITs, NITs, IIITs and other centrally funded technical institutions","SC & ST","Central","All India (all IITs, NITs, IIITs, IIESTs and other centrally funded technical institutions)","What is Tuition fee waiver, free messing and pocket allowance for SC/ST/PwD students in IITs, NITs, IIITs and other centrally funded technical institutions (CFTI fee waiver (SC/ST))?","Tuition fee waiver, free messing and pocket allowance for SC/ST/PwD students in IITs, NITs, IIITs and other centrally funded technical institutions is a SC & ST scheme of Ministry of Education (Department of Higher Education), implemented at the central level in All India (all IITs, NITs, IIITs, IIESTs and other centrally funded technical institutions). Type: Institution-level fee waiver mandated by the Ministry of Education. Launched: 2005-06 (fee waiver) with enhanced benefits from 2016 and extended for 2021-26, continuing. Status: Active. It aims to help SC, ST and PwD students (UG and PG) admitted to centrally funded technical institutions. Benefit: Full tuition fee exemption for SC/ST/PwD students, plus (for means-qualifying students) free basic messing, hostel room-rent exemption and a monthly pocket allowance - making premier technical education nearly free for SC/ST students"
"X-STU-003","Tuition fee waiver, free messing and pocket allowance for SC/ST/PwD students in IITs, NITs, IIITs and other centrally funded technical institutions","SC & ST","Central","All India (all IITs, NITs, IIITs, IIESTs and other centrally funded technical institutions)","Who is eligible for Tuition fee waiver, free messing and pocket allowance for SC/ST/PwD students in IITs, NITs, IIITs and other centrally funded technical institutions?","Target group: SC, ST and PwD students (UG and PG) admitted to centrally funded technical institutions. Beneficiary type: Student. Age: Not specified in the scheme guidelines. Income limit: Tuition waiver is available to all SC/ST/PwD students; free messing, hostel rent exemption and pocket allowance are means-linked (commonly family income up to Rs 5 lakh; some institutes extend support up to Rs 8 lakh). Other conditions: Admission through JoSAA/JEE or the institute's own admission process; caste/disability certificate submitted to the institute's academic/financial aid office; registration and academic progress norms apply Not eligible: Waiver does not cover hostel/mess charges beyond the scheme design in all institutes; benefits are for the standard duration of the programme; lapses if the student drops out or fails to maintain registration"
"X-STU-003","Tuition fee waiver, free messing and pocket allowance for SC/ST/PwD students in IITs, NITs, IIITs and other centrally funded technical institutions","SC & ST","Central","All India (all IITs, NITs, IIITs, IIESTs and other centrally funded technical institutions)","What benefits/amount does Tuition fee waiver, free messing and pocket allowance for SC/ST/PwD students in IITs, NITs, IIITs and other centrally funded technical institutions give?","Full tuition fee exemption for SC/ST/PwD students, plus (for means-qualifying students) free basic messing, hostel room-rent exemption and a monthly pocket allowance - making premier technical education nearly free for SC/ST students Headline value: Full tuition waiver (worth about Rs 8-10 lakh over a 4-year B.Tech); free basic messing (worth about Rs 40,000-60,000 per year at most institutes); hostel rent exemption; pocket allowance of about Rs 250-500 per month, and up to about Rs 1,000 per month at some institutes such as IIT Delhi for income up to Rs 8 lakh Funding pattern: 100% Central through the institutions' internal fee waiver and financial aid budgets."
"X-STU-003","Tuition fee waiver, free messing and pocket allowance for SC/ST/PwD students in IITs, NITs, IIITs and other centrally funded technical institutions","SC & ST","Central","All India (all IITs, NITs, IIITs, IIESTs and other centrally funded technical institutions)","How do I apply for Tuition fee waiver, free messing and pocket allowance for SC/ST/PwD students in IITs, NITs, IIITs and other centrally funded technical institutions?","Application mode: Automatic on admission - student submits the caste certificate and income certificate at reporting/financial-aid office; no separate online scheme application. Portal: Individual institute academic/financial-aid portals (e.g. https://academic.iitd.ac.in). Documents needed: SC/ST/PwD caste or disability certificate; income certificate (for means-linked benefits); admission/registration proof; bank account; Aadhaar. Helpline: Academic/Financial Aid Office of the concerned institution."
"X-STU-003","Tuition fee waiver, free messing and pocket allowance for SC/ST/PwD students in IITs, NITs, IIITs and other centrally funded technical institutions","SC & ST","Central","All India (all IITs, NITs, IIITs, IIESTs and other centrally funded technical institutions)","What are the latest changes in Tuition fee waiver, free messing and pocket allowance for SC/ST/PwD students in IITs, NITs, IIITs and other centrally funded technical institutions?","Better-off families (income above Rs 5 lakh) pay a higher tuition slab in some institutions; SC/ST/PwD waiver continues; institutes have been asked to publicise the waiver to increase uptake among SC/ST students (Last verified: 2026-09-23, confidence: High.)"
"X-STU-004","Central Sector Scheme of Scholarship for College and University Students","SC & ST","Central","All India","What is Central Sector Scheme of Scholarship for College and University Students (CSSS)?","Central Sector Scheme of Scholarship for College and University Students is a SC & ST scheme of Ministry of Education (Department of Higher Education), implemented at the central level in All India. Type: Central Sector Scheme. Launched: 2007-08 (revised rates and ceilings in 2019-20 and later). Status: Active. It aims to help Meritorious students from all categories, including SC/ST, pursuing college/university education after Class 12. Benefit: Annual scholarship for the entire duration of the degree course (top-up to other benefits), paid by DBT through the National Scholarship Portal"
"X-STU-004","Central Sector Scheme of Scholarship for College and University Students","SC & ST","Central","All India","Who is eligible for Central Sector Scheme of Scholarship for College and University Students?","Target group: Meritorious students from all categories, including SC/ST, pursuing college/university education after Class 12. Beneficiary type: Student. Age: Up to 25 years at the time of first application. Income limit: Family annual income up to Rs 4,50,000. Other conditions: Above the 80th percentile in the Class 12 board examination; pursuing a regular degree course (not correspondence); not holding any other scholarship Not eligible: Students in distance/open learning, and those drawing another central scholarship, are not eligible"
"X-STU-004","Central Sector Scheme of Scholarship for College and University Students","SC & ST","Central","All India","What benefits/amount does Central Sector Scheme of Scholarship for College and University Students give?","Annual scholarship for the entire duration of the degree course (top-up to other benefits), paid by DBT through the National Scholarship Portal Headline value: Rs 12,000 per year in the first three years (graduation) and Rs 20,000 per year during PG for the top 4,000 rank holders, with lower slabs for other selected students as notified (rates revised periodically) Funding pattern: 100% Central."
"X-STU-004","Central Sector Scheme of Scholarship for College and University Students","SC & ST","Central","All India","How do I apply for Central Sector Scheme of Scholarship for College and University Students?","Application mode: Online through the National Scholarship Portal with institute and State verification. Portal: https://scholarships.gov.in. Documents needed: Class 12 marksheet; income certificate; Aadhaar; bank account; admission proof; caste certificate where claimed. Helpline: NSP helpline 0120-6619540."
"X-STU-004","Central Sector Scheme of Scholarship for College and University Students","SC & ST","Central","All India","What are the latest changes in Central Sector Scheme of Scholarship for College and University Students?","Rates and income ceilings revised upward; applications through NSP only; renewal conditional on 60% marks and 75% attendance (Last verified: 2026-09-23, confidence: High.)"
"X-STU-005","AICTE Pragati Scholarship for Girls and AICTE Saksham Scholarship for differently-abled students","SC & ST","Central","All India (AICTE-approved technical institutions)","What is AICTE Pragati Scholarship for Girls and AICTE Saksham Scholarship for differently-abled students (Pragati / Saksham)?","AICTE Pragati Scholarship for Girls and AICTE Saksham Scholarship for differently-abled students is a SC & ST scheme of Ministry of Education (All India Council for Technical Education), implemented at the central level in All India (AICTE-approved technical institutions). Type: Central Sector Scheme (AICTE). Launched: Pragati 2014-15; Saksham 2014-15 (both continued with revised norms). Status: Active. It aims to help Girl students (Pragati) and differently-abled students (Saksham) in AICTE-approved degree/diploma technical courses - SC/ST girls and SC/ST differently-abled students are eligible. Benefit: Annual scholarship for the full duration of the technical course to cover tuition and other expenses, encouraging girls and differently-abled students (including SC/ST) to complete technical education"
"X-STU-005","AICTE Pragati Scholarship for Girls and AICTE Saksham Scholarship for differently-abled students","SC & ST","Central","All India (AICTE-approved technical institutions)","Who is eligible for AICTE Pragati Scholarship for Girls and AICTE Saksham Scholarship for differently-abled students?","Target group: Girl students (Pragati) and differently-abled students (Saksham) in AICTE-approved degree/diploma technical courses - SC/ST girls and SC/ST differently-abled students are eligible. Beneficiary type: Student. Age: As per course admission norms. Income limit: Family annual income up to Rs 8,00,000. Other conditions: Admission to the first year or second year (lateral entry) of an AICTE-approved degree/diploma course; for Pragati - two girls per family; for Saksham - disability of 40% or more; not receiving any other AICTE scholarship Not eligible: Students in non-AICTE-approved institutions; more than two girls per family (Pragati); students already holding another AICTE scholarship"
"X-STU-005","AICTE Pragati Scholarship for Girls and AICTE Saksham Scholarship for differently-abled students","SC & ST","Central","All India (AICTE-approved technical institutions)","What benefits/amount does AICTE Pragati Scholarship for Girls and AICTE Saksham Scholarship for differently-abled students give?","Annual scholarship for the full duration of the technical course to cover tuition and other expenses, encouraging girls and differently-abled students (including SC/ST) to complete technical education Headline value: Rs 50,000 per year per student for every year of study - 10,000 scholarships per year under Pragati and 1,000 per year under Saksham (as per AICTE norms) Funding pattern: 100% Central (AICTE)."
"X-STU-005","AICTE Pragati Scholarship for Girls and AICTE Saksham Scholarship for differently-abled students","SC & ST","Central","All India (AICTE-approved technical institutions)","How do I apply for AICTE Pragati Scholarship for Girls and AICTE Saksham Scholarship for differently-abled students?","Application mode: Online application on the National Scholarship Portal (AICTE scheme window) after admission. Portal: https://scholarships.gov.in (AICTE schemes). Documents needed: Admission proof in AICTE-approved institution; income certificate (up to Rs 8 lakh); Class 12/diploma marksheet; Aadhaar; bank account; disability certificate (Saksham); SC/ST certificate where applicable. Helpline: AICTE scholarship helpdesk; NSP helpline 0120-6619540."
"X-STU-005","AICTE Pragati Scholarship for Girls and AICTE Saksham Scholarship for differently-abled students","SC & ST","Central","All India (AICTE-approved technical institutions)","What are the latest changes in AICTE Pragati Scholarship for Girls and AICTE Saksham Scholarship for differently-abled students?","AICTE continues the schemes through NSP; special drives to increase SC/ST girl applicants in 2024-26 (Last verified: 2026-09-23, confidence: High.)"
"X-STU-006","Ishan Uday Special Scholarship Scheme for North East Region","SC & ST","Central","North East Region (Arunachal Pradesh, Assam, Manipur, Meghalaya, Mizoram, Nagaland, Sikkim, Tripura)","What is Ishan Uday Special Scholarship Scheme for North East Region (Ishan Uday)?","Ishan Uday Special Scholarship Scheme for North East Region is a SC & ST scheme of Ministry of Education (University Grants Commission), implemented at the central level in North East Region (Arunachal Pradesh, Assam, Manipur, Meghalaya, Mizoram, Nagaland, Sikkim, Tripura). Type: Central Sector Scheme. Launched: 2014-15. Status: Active. It aims to help Students of the North East Region (a large majority of whom are ST) pursuing general, technical and professional degree courses. Benefit: Monthly scholarship for the duration of the degree course to improve higher education access in the North East"
"X-STU-006","Ishan Uday Special Scholarship Scheme for North East Region","SC & ST","Central","North East Region (Arunachal Pradesh, Assam, Manipur, Meghalaya, Mizoram, Nagaland, Sikkim, Tripura)","Who is eligible for Ishan Uday Special Scholarship Scheme for North East Region?","Target group: Students of the North East Region (a large majority of whom are ST) pursuing general, technical and professional degree courses. Beneficiary type: Student. Age: Up to 30 years. Income limit: Family annual income up to Rs 4,50,000. Other conditions: Passed Class 12 from a school in the North East; admission to the first year of a degree course in a UGC-recognised institution; not receiving any other scholarship Not eligible: Students pursuing courses through distance mode; students already holding another central scholarship"
"X-STU-006","Ishan Uday Special Scholarship Scheme for North East Region","SC & ST","Central","North East Region (Arunachal Pradesh, Assam, Manipur, Meghalaya, Mizoram, Nagaland, Sikkim, Tripura)","What benefits/amount does Ishan Uday Special Scholarship Scheme for North East Region give?","Monthly scholarship for the duration of the degree course to improve higher education access in the North East Headline value: Rs 5,400 per month for general degree courses and Rs 7,800 per month for technical/professional courses (10,000 scholarships per year, as per UGC norms) Funding pattern: 100% Central (UGC)."
"X-STU-006","Ishan Uday Special Scholarship Scheme for North East Region","SC & ST","Central","North East Region (Arunachal Pradesh, Assam, Manipur, Meghalaya, Mizoram, Nagaland, Sikkim, Tripura)","How do I apply for Ishan Uday Special Scholarship Scheme for North East Region?","Application mode: Online through the National Scholarship Portal (UGC scheme window). Portal: https://scholarships.gov.in. Documents needed: North East domicile/residence proof; Class 12 marksheet; income certificate; admission proof; Aadhaar; bank account; ST certificate where applicable. Helpline: UGC North East Division; NSP helpline."
"X-STU-006","Ishan Uday Special Scholarship Scheme for North East Region","SC & ST","Central","North East Region (Arunachal Pradesh, Assam, Manipur, Meghalaya, Mizoram, Nagaland, Sikkim, Tripura)","What are the latest changes in Ishan Uday Special Scholarship Scheme for North East Region?","Scheme continues through NSP with 10,000 slots a year; UGC promotes uptake among ST students of the NE region (Last verified: 2026-09-23, confidence: High.)"
"X-STU-007","PM Vidyalaxmi (education loan with collateral-free guarantee)","SC & ST","Central","All India","What is PM Vidyalaxmi (education loan with collateral-free guarantee) (PM Vidyalaxmi)?","PM Vidyalaxmi (education loan with collateral-free guarantee) is a SC & ST scheme of Ministry of Education (Department of Higher Education), implemented at the central level in All India. Type: Central Sector Scheme (credit guarantee + interest subvention). Launched: Announced in Union Budget 2024-25; guidelines notified in November 2024. Status: Active. It aims to help Students admitted to higher education institutions ranked in the top 860 NIRF institutions, including SC/ST students from low-income families. Benefit: Collateral-free education loan with a Government guarantee, plus interest subvention during the study/moratorium period for low-income families - removing the need for family assets as security"
"X-STU-007","PM Vidyalaxmi (education loan with collateral-free guarantee)","SC & ST","Central","All India","Who is eligible for PM Vidyalaxmi (education loan with collateral-free guarantee)?","Target group: Students admitted to higher education institutions ranked in the top 860 NIRF institutions, including SC/ST students from low-income families. Beneficiary type: Student. Age: As per bank norms. Income limit: Family annual income up to Rs 8,00,000 (for the collateral-free guarantee and 3% interest subvention components). Other conditions: Admission to a recognised institution (as notified); loan through the Vidya Lakshmi portal; for collateral-free loans up to Rs 7.5 lakh, the guarantee is provided under CGFSEL; for loans up to Rs 10 lakh with full collateral-free cover under specific conditions; interest subvention for income up to Rs 4.5 lakh during the moratorium Not eligible: Institutions/students outside the notified list; benefit cannot be combined with certain other loan-linked subsidies"
"X-STU-007","PM Vidyalaxmi (education loan with collateral-free guarantee)","SC & ST","Central","All India","What benefits/amount does PM Vidyalaxmi (education loan with collateral-free guarantee) give?","Collateral-free education loan with a Government guarantee, plus interest subvention during the study/moratorium period for low-income families - removing the need for family assets as security Headline value: Collateral-free education loans with 75% guarantee cover by the Government for loans up to Rs 7.5 lakh; 90% cover for top-250 NIRF institutions; 3% interest subvention during moratorium for family income up to Rs 4.5 lakh (Central-sector students) Funding pattern: 100% Central (guarantee fund + subvention)."
"X-STU-007","PM Vidyalaxmi (education loan with collateral-free guarantee)","SC & ST","Central","All India","How do I apply for PM Vidyalaxmi (education loan with collateral-free guarantee)?","Application mode: Apply through the Vidya Lakshmi portal (single window for education loans). Portal: https://www.vidyalakshmi.co.in. Documents needed: Admission letter; fee structure; income certificate; caste certificate where applicable; Aadhaar; bank statements; co-borrower/guarantor details as applicable. Helpline: Vidya Lakshmi portal helpdesk; bank education-loan desks."
"X-STU-007","PM Vidyalaxmi (education loan with collateral-free guarantee)","SC & ST","Central","All India","What are the latest changes in PM Vidyalaxmi (education loan with collateral-free guarantee)?","Guidelines issued November 2024; banks onboarding through Vidya Lakshmi; expansion of eligible-institution list and awareness drives in 2025-26 (Last verified: 2026-09-23, confidence: High.)"
"SC-STU-008","Karnataka State Scholarship Portal - Pre-Matric and Post-Matric Scholarships for SC/ST students (SSP)","SC & ST","State","Karnataka","What is Karnataka State Scholarship Portal - Pre-Matric and Post-Matric Scholarships for SC/ST students (SSP) (Karnataka SSP (SC/ST))?","Karnataka State Scholarship Portal - Pre-Matric and Post-Matric Scholarships for SC/ST students (SSP) is a SC & ST scheme of Social Welfare Department and Tribal Welfare Department, Government of Karnataka, implemented at the state level in Karnataka. Type: State Sector + Centrally Sponsored (state share on top of central scholarships). Launched: Not specified. Status: Active. It aims to help SC and ST students from Class 1 to post-graduation, including professional courses. Benefit: Fee reimbursement, maintenance allowance and hostel/food support for SC/ST students from school to professional courses, disbursed by DBT through the single-window SSP"
"SC-STU-008","Karnataka State Scholarship Portal - Pre-Matric and Post-Matric Scholarships for SC/ST students (SSP)","SC & ST","State","Karnataka","Who is eligible for Karnataka State Scholarship Portal - Pre-Matric and Post-Matric Scholarships for SC/ST students (SSP)?","Target group: SC and ST students from Class 1 to post-graduation, including professional courses. Beneficiary type: Student. Age: Not specified in the scheme guidelines. Income limit: SC/ST pre-matric Class 9-10 upto Rs 2,50,000 (central norms); Classes 1-8 state-funded with a higher ceiling (about Rs 6 lakh); post-matric up to Rs 2.50 lakh for full benefit, with partial fee waiver for engineering/medical students whose family income is between Rs 2.5 lakh and Rs 10 lakh. Other conditions: Karnataka domicile; Aadhaar-linked bank account; minimum marks (about 50%) and 75% attendance for post-matric benefits; institution must be recognised Not eligible: Students repeating the same course more than once; not more than two male children per family get post-matric hostel/fee benefits (no limit for girls)"
"SC-STU-008","Karnataka State Scholarship Portal - Pre-Matric and Post-Matric Scholarships for SC/ST students (SSP)","SC & ST","State","Karnataka","What benefits/amount does Karnataka State Scholarship Portal - Pre-Matric and Post-Matric Scholarships for SC/ST students (SSP) give?","Fee reimbursement, maintenance allowance and hostel/food support for SC/ST students from school to professional courses, disbursed by DBT through the single-window SSP Headline value: Scholarships of about Rs 2,500 to Rs 13,500 per year depending on class/course; full or partial fee waiver (50% waiver for engineering/medical students with family income Rs 2.5-10 lakh); fee reimbursement for SC/ST engineering and medical students whose parents are serving in the armed forces Funding pattern: State Government budget (State Sector Scheme; some state schemes also carry a central share)."
"SC-STU-008","Karnataka State Scholarship Portal - Pre-Matric and Post-Matric Scholarships for SC/ST students (SSP)","SC & ST","State","Karnataka","How do I apply for Karnataka State Scholarship Portal - Pre-Matric and Post-Matric Scholarships for SC/ST students (SSP)?","Application mode: Online only through the Karnataka State Scholarship Portal (SSP) with Aadhaar e-KYC. Portal: https://ssp.postmatric.karnataka.gov.in. Documents needed: Caste certificate; income certificate; Aadhaar-linked bank account; marksheets; admission/bonafide certificate; attendance certificate; domicile. Helpline: Karnataka SSP helpline; district Social Welfare/Tribal Welfare offices."
"SC-STU-009","Karnataka Protsaha Dhana (incentive prize money) for meritorious SC/ST students","SC & ST","State","Karnataka","What is Karnataka Protsaha Dhana (incentive prize money) for meritorious SC/ST students (Karnataka Protsaha Dhana)?","Karnataka Protsaha Dhana (incentive prize money) for meritorious SC/ST students is a SC & ST scheme of Social Welfare Department (SC) and Tribal Welfare Department (ST), Government of Karnataka, implemented at the state level in Karnataka. Type: State Sector Scheme. Launched: Not specified. Status: Active. It aims to help SC/ST students securing high marks in SSLC, graduation, post-graduation and professional courses. Benefit: One-time cash prize money to reward and retain meritorious SC/ST students in the education pipeline"
"SC-STU-009","Karnataka Protsaha Dhana (incentive prize money) for meritorious SC/ST students","SC & ST","State","Karnataka","Who is eligible for Karnataka Protsaha Dhana (incentive prize money) for meritorious SC/ST students?","Target group: SC/ST students securing high marks in SSLC, graduation, post-graduation and professional courses. Beneficiary type: Student. Age: Not specified in the scheme guidelines. Income limit: As per departmental norms for the merit incentive. Other conditions: Passed in the first attempt with the prescribed marks or secured a university rank; separate slabs for SSLC, degree, professional degree and PG courses Not eligible: Second attempts and repeaters are generally excluded; one incentive per level"
"SC-STU-009","Karnataka Protsaha Dhana (incentive prize money) for meritorious SC/ST students","SC & ST","State","Karnataka","What benefits/amount does Karnataka Protsaha Dhana (incentive prize money) for meritorious SC/ST students give?","One-time cash prize money to reward and retain meritorious SC/ST students in the education pipeline Headline value: Rs 7,500 (SSLC with 60-75%), Rs 15,000 (SSLC above 75%), Rs 30,000 (PG first class), Rs 35,000 (professional degree such as medical/engineering/agriculture/veterinary in first class), Rs 50,000 (university ranks 1-5 at PG level) - as per the departmental incentive table for 2025-26 Funding pattern: State Government budget (State Sector Scheme; some state schemes also carry a central share)."
"SC-STU-009","Karnataka Protsaha Dhana (incentive prize money) for meritorious SC/ST students","SC & ST","State","Karnataka","How do I apply for Karnataka Protsaha Dhana (incentive prize money) for meritorious SC/ST students?","Application mode: Online application as notified by the Social Welfare/Tribal Welfare Department after results. Portal: Karnataka Social Welfare/Tribal Welfare Department portals. Documents needed: Caste certificate; marksheet/rank certificate; Aadhaar; bank account; institution certificate. Helpline: District office of the nodal department listed under the application portal."
"SC-STU-010","Telangana ePASS Post-Matric Scholarship and Fee Reimbursement for SC/ST students","SC & ST","State","Telangana","What is Telangana ePASS Post-Matric Scholarship and Fee Reimbursement for SC/ST students (TS ePASS (SC/ST))?","Telangana ePASS Post-Matric Scholarship and Fee Reimbursement for SC/ST students is a SC & ST scheme of Social Welfare (SC) and Tribal Welfare (ST) Departments, Government of Telangana, implemented at the state level in Telangana. Type: State Sector + Centrally Sponsored. Launched: Not specified. Status: Active. It aims to help SC and ST students pursuing post-matriculation courses (intermediate, ITI, polytechnic, degree, professional, PG). Benefit: Full tuition fee reimbursement to the college plus maintenance (MTF) support to the student for living expenses, both through DBT"
"SC-STU-010","Telangana ePASS Post-Matric Scholarship and Fee Reimbursement for SC/ST students","SC & ST","State","Telangana","Who is eligible for Telangana ePASS Post-Matric Scholarship and Fee Reimbursement for SC/ST students?","Target group: SC and ST students pursuing post-matriculation courses (intermediate, ITI, polytechnic, degree, professional, PG). Beneficiary type: Student. Age: Not specified in the scheme guidelines. Income limit: Family annual income up to Rs 2,00,000 for SC/ST (BC/EBC limits differ). Other conditions: Telangana resident; admission to a recognised course through the prescribed process; minimum attendance (generally 75%) for fee reimbursement Not eligible: Students with poor attendance lose the maintenance/fee component for that period; one course per student at a time"
"SC-STU-010","Telangana ePASS Post-Matric Scholarship and Fee Reimbursement for SC/ST students","SC & ST","State","Telangana","What benefits/amount does Telangana ePASS Post-Matric Scholarship and Fee Reimbursement for SC/ST students give?","Full tuition fee reimbursement to the college plus maintenance (MTF) support to the student for living expenses, both through DBT Headline value: Full fee reimbursement for eligible courses (up to about Rs 2 lakh per year for specified professional courses) plus monthly maintenance support; disbursed by DBT through ePASS Funding pattern: State Government budget (State Sector Scheme; some state schemes also carry a central share)."
"SC-STU-010","Telangana ePASS Post-Matric Scholarship and Fee Reimbursement for SC/ST students","SC & ST","State","Telangana","How do I apply for Telangana ePASS Post-Matric Scholarship and Fee Reimbursement for SC/ST students?","Application mode: Online through the Telangana ePASS portal after admission. Portal: https://telanganaepass.cgg.gov.in. Documents needed: Caste certificate; income certificate; Aadhaar; SSC/inter marksheets; admission/attendance certificate; bank account of the student. Helpline: Telangana ePASS helpline; district welfare offices."
"SC-STU-011","Telangana Ambedkar Overseas Vidya Nidhi (foreign education assistance for SC/ST students)","SC & ST","State","Telangana","What is Telangana Ambedkar Overseas Vidya Nidhi (foreign education assistance for SC/ST students) (Ambedkar Overseas Vidya Nidhi)?","Telangana Ambedkar Overseas Vidya Nidhi (foreign education assistance for SC/ST students) is a SC & ST scheme of Social Welfare Department (SC) and Tribal Welfare Department (ST), Government of Telangana, implemented at the state level in Telangana. Type: State Sector Scheme. Launched: Not specified. Status: Active. It aims to help SC and ST students from Telangana admitted to postgraduate/doctoral courses abroad. Benefit: Financial assistance covering tuition, living expenses, visa fees and a one-way economy airfare for SC/ST students going abroad for higher studies"
"SC-STU-011","Telangana Ambedkar Overseas Vidya Nidhi (foreign education assistance for SC/ST students)","SC & ST","State","Telangana","Who is eligible for Telangana Ambedkar Overseas Vidya Nidhi (foreign education assistance for SC/ST students)?","Target group: SC and ST students from Telangana admitted to postgraduate/doctoral courses abroad. Beneficiary type: Student. Age: Below 35 years. Income limit: Family annual income up to Rs 5,00,000. Other conditions: At least 60% marks in the qualifying degree; admission to a recognised foreign university in notified countries (USA, UK, Canada, Australia, Germany, France, Singapore, Japan, South Korea, New Zealand etc.); minimum GRE/GMAT/IELTS/TOEFL scores; only one student per family Not eligible: Only one student per family; quota-limited (about 1,900 beneficiaries in the 2025 cycle) and selection is now fully merit-based"
"SC-STU-011","Telangana Ambedkar Overseas Vidya Nidhi (foreign education assistance for SC/ST students)","SC & ST","State","Telangana","What benefits/amount does Telangana Ambedkar Overseas Vidya Nidhi (foreign education assistance for SC/ST students) give?","Financial assistance covering tuition, living expenses, visa fees and a one-way economy airfare for SC/ST students going abroad for higher studies Headline value: Up to Rs 20,00,000 per selected student (released in two instalments), plus visa fees and one-way economy airfare; beneficiary quota increased from 1,100 to 1,900 for the 2025 cycle Funding pattern: State Government budget (State Sector Scheme; some state schemes also carry a central share)."
"SC-STU-011","Telangana Ambedkar Overseas Vidya Nidhi (foreign education assistance for SC/ST students)","SC & ST","State","Telangana","How do I apply for Telangana Ambedkar Overseas Vidya Nidhi (foreign education assistance for SC/ST students)?","Application mode: Online application through Telangana ePASS during the annual window (usually June-September). Portal: https://telanganaepass.cgg.gov.in. Documents needed: Caste certificate; income certificate; degree marksheets; admission offer letter from a foreign university; GRE/GMAT/IELTS/TOEFL score card; passport; visa documents; bank account. Helpline: Telangana Social/Tribal Welfare Department overseas education desks."
"SC-STU-011","Telangana Ambedkar Overseas Vidya Nidhi (foreign education assistance for SC/ST students)","SC & ST","State","Telangana","What are the latest changes in Telangana Ambedkar Overseas Vidya Nidhi (foreign education assistance for SC/ST students)?","2025 cycle tightened to 100% merit-based selection (degree marks plus test scores) with the beneficiary quota raised to 1,900; separate windows for SC, ST, BC and minority departments (Last verified: 2026-09-23, confidence: High.)"
"SC-STU-012","Tamil Nadu Moovalur Ramamirtham Ammaiyar Higher Education Assurance Scheme (Pudhumai Penn)","SC & ST","State","Tamil Nadu","What is Tamil Nadu Moovalur Ramamirtham Ammaiyar Higher Education Assurance Scheme (Pudhumai Penn) (Pudhumai Penn)?","Tamil Nadu Moovalur Ramamirtham Ammaiyar Higher Education Assurance Scheme (Pudhumai Penn) is a SC & ST scheme of Social Welfare Department / Adi Dravidar and Tribal Welfare Department, Government of Tamil Nadu, implemented at the state level in Tamil Nadu. Type: State Sector Scheme. Launched: 2022-23. Status: Active. It aims to help Girls who studied Classes VI-XII in government schools and joined higher education - a large share of beneficiaries are SC/ST girls. Benefit: Monthly financial assistance for girls throughout their higher education course to reduce dropout and encourage women's participation in higher education"
"SC-STU-012","Tamil Nadu Moovalur Ramamirtham Ammaiyar Higher Education Assurance Scheme (Pudhumai Penn)","SC & ST","State","Tamil Nadu","Who is eligible for Tamil Nadu Moovalur Ramamirtham Ammaiyar Higher Education Assurance Scheme (Pudhumai Penn)?","Target group: Girls who studied Classes VI-XII in government schools and joined higher education - a large share of beneficiaries are SC/ST girls. Beneficiary type: Student; Woman. Age: Not specified in the scheme guidelines. Income limit: No separate income ceiling (eligibility is based on having studied in a government school). Other conditions: Studied in a government school from Class VI to XII; enrolled in a regular degree/diploma/ITI course; attendance and continuation norms apply Not eligible: Girls who studied only in private schools are not eligible; benefits stop if the student discontinues"
"SC-STU-012","Tamil Nadu Moovalur Ramamirtham Ammaiyar Higher Education Assurance Scheme (Pudhumai Penn)","SC & ST","State","Tamil Nadu","What benefits/amount does Tamil Nadu Moovalur Ramamirtham Ammaiyar Higher Education Assurance Scheme (Pudhumai Penn) give?","Monthly financial assistance for girls throughout their higher education course to reduce dropout and encourage women's participation in higher education Headline value: Rs 1,000 per month for the entire duration of the course (paid through DBT) as per the Government's announcement Funding pattern: State Government budget (State Sector Scheme; some state schemes also carry a central share)."
"SC-STU-012","Tamil Nadu Moovalur Ramamirtham Ammaiyar Higher Education Assurance Scheme (Pudhumai Penn)","SC & ST","State","Tamil Nadu","How do I apply for Tamil Nadu Moovalur Ramamirtham Ammaiyar Higher Education Assurance Scheme (Pudhumai Penn)?","Application mode: Application through the educational institution/online State portal as notified; colleges verify government-school study records. Portal: https://www.tn.gov.in (Social Welfare Department scheme pages). Documents needed: Class VI-XII government school study certificate; Class 12 marksheet; admission proof; Aadhaar; bank account in the girl's name; caste certificate where applicable. Helpline: District office of the nodal department listed under the application portal."
"SC-STU-012","Tamil Nadu Moovalur Ramamirtham Ammaiyar Higher Education Assurance Scheme (Pudhumai Penn)","SC & ST","State","Tamil Nadu","What are the latest changes in Tamil Nadu Moovalur Ramamirtham Ammaiyar Higher Education Assurance Scheme (Pudhumai Penn)?","Coverage expanded across districts and courses in 2024-26; State has been publicising the scheme widely to raise enrolments (Last verified: 2026-09-23, confidence: High.)"
"SC-STU-013","West Bengal Swami Vivekananda Merit-cum-Means Scholarship","SC & ST","State","West Bengal","What is West Bengal Swami Vivekananda Merit-cum-Means Scholarship (SVMCM)?","West Bengal Swami Vivekananda Merit-cum-Means Scholarship is a SC & ST scheme of Department of Higher Education, Government of West Bengal, implemented at the state level in West Bengal. Type: State Sector Scheme. Launched: Not specified. Status: Active. It aims to help Meritorious students of all categories including SC/ST studying in Class 11 to PhD/MPhil level in West Bengal. Benefit: Monthly scholarship from higher secondary to research level, enabling poor SC/ST students to continue education without financial pressure"
"SC-STU-013","West Bengal Swami Vivekananda Merit-cum-Means Scholarship","SC & ST","State","West Bengal","Who is eligible for West Bengal Swami Vivekananda Merit-cum-Means Scholarship?","Target group: Meritorious students of all categories including SC/ST studying in Class 11 to PhD/MPhil level in West Bengal. Beneficiary type: Student. Age: Not specified in the scheme guidelines. Income limit: Family annual income up to Rs 2,50,000. Other conditions: Minimum marks in the qualifying examination (about 60% generally, with relaxation for SC/ST); regular course in a recognised institution; West Bengal domicile Not eligible: Students in distance courses; those drawing two government scholarships for the same purpose"
"SC-STU-013","West Bengal Swami Vivekananda Merit-cum-Means Scholarship","SC & ST","State","West Bengal","What benefits/amount does West Bengal Swami Vivekananda Merit-cum-Means Scholarship give?","Monthly scholarship from higher secondary to research level, enabling poor SC/ST students to continue education without financial pressure Headline value: About Rs 1,000 per month at higher-secondary/diploma level rising to about Rs 2,000-8,000 per month for degree, PG and research courses (rates as per the State's notification; the SC/ST categories get specific slabs) Funding pattern: State Government budget (State Sector Scheme; some state schemes also carry a central share)."
"SC-STU-013","West Bengal Swami Vivekananda Merit-cum-Means Scholarship","SC & ST","State","West Bengal","How do I apply for West Bengal Swami Vivekananda Merit-cum-Means Scholarship?","Application mode: Online through the SVMCM portal with institute verification. Portal: https://svmcm.wb.gov.in. Documents needed: Marksheets; income certificate; domicile; Aadhaar; bank account; institution certificate; caste certificate for SC/ST slabs. Helpline: District office of the nodal department listed under the application portal."
"SC-STU-014","Maharashtra MahaDBT Post-Matric Scholarship for SC and ST students","SC & ST","State","Maharashtra","What is Maharashtra MahaDBT Post-Matric Scholarship for SC and ST students (MahaDBT (SC/ST))?","Maharashtra MahaDBT Post-Matric Scholarship for SC and ST students is a SC & ST scheme of Social Justice and Special Assistance Department (SC) and Tribal Development Department (ST), Government of Maharashtra, implemented at the state level in Maharashtra. Type: State Sector + Centrally Sponsored. Launched: Not specified. Status: Active. It aims to help SC and ST students in Class 11 onwards, including professional and technical courses. Benefit: Maintenance allowance and full fee reimbursement for SC/ST students, with the State's additional 'Shahu Maharaj' style fee-waiver top-ups for eligible professional students"
"SC-STU-014","Maharashtra MahaDBT Post-Matric Scholarship for SC and ST students","SC & ST","State","Maharashtra","Who is eligible for Maharashtra MahaDBT Post-Matric Scholarship for SC and ST students?","Target group: SC and ST students in Class 11 onwards, including professional and technical courses. Beneficiary type: Student. Age: Not specified in the scheme guidelines. Income limit: Family annual income up to Rs 2,50,000 (as per central norms); the State also runs fee-waiver schemes with higher ceilings for some courses. Other conditions: Maharashtra domicile; admission to a recognised course; Aadhaar-linked bank account; caste validity certificate where required Not eligible: Students drawing another scholarship for the same course; incomplete documents cause rejection"
"SC-STU-014","Maharashtra MahaDBT Post-Matric Scholarship for SC and ST students","SC & ST","State","Maharashtra","What benefits/amount does Maharashtra MahaDBT Post-Matric Scholarship for SC and ST students give?","Maintenance allowance and full fee reimbursement for SC/ST students, with the State's additional 'Shahu Maharaj' style fee-waiver top-ups for eligible professional students Headline value: Maintenance allowance of Rs 230-1,200 per month depending on course/hostel status plus full compulsory fees; State also offers fee reimbursement for professional courses under its own norms Funding pattern: State Government budget (State Sector Scheme; some state schemes also carry a central share)."
"SC-STU-014","Maharashtra MahaDBT Post-Matric Scholarship for SC and ST students","SC & ST","State","Maharashtra","How do I apply for Maharashtra MahaDBT Post-Matric Scholarship for SC and ST students?","Application mode: Online only through MahaDBT. Portal: https://mahadbt.maharashtra.gov.in. Documents needed: Caste certificate/caste validity; income certificate; Aadhaar; bank account; marksheets; admission/fee receipt; domicile. Helpline: District office of the nodal department listed under the application portal."
"SC-STU-015","Uttar Pradesh Mukhyamantri Abhyudaya Yojana (free coaching for competitive examinations)","SC & ST","State","Uttar Pradesh","What is Uttar Pradesh Mukhyamantri Abhyudaya Yojana (free coaching for competitive examinations) (UP Abhyudaya Yojana)?","Uttar Pradesh Mukhyamantri Abhyudaya Yojana (free coaching for competitive examinations) is a SC & ST scheme of Department of Social Welfare / Samaj Kalyan, Government of Uttar Pradesh, implemented at the state level in Uttar Pradesh. Type: State Sector Scheme. Launched: 2021-22. Status: Active. It aims to help Students of UP preparing for UPSC, UPPSC, NDA, CDS, JEE, NEET and other competitive examinations - significant SC/ST participation. Benefit: Free offline and online coaching with study material, mock tests and guidance by serving officers, removing the cost barrier of private coaching"
"SC-STU-015","Uttar Pradesh Mukhyamantri Abhyudaya Yojana (free coaching for competitive examinations)","SC & ST","State","Uttar Pradesh","Who is eligible for Uttar Pradesh Mukhyamantri Abhyudaya Yojana (free coaching for competitive examinations)?","Target group: Students of UP preparing for UPSC, UPPSC, NDA, CDS, JEE, NEET and other competitive examinations - significant SC/ST participation. Beneficiary type: Student. Age: Not specified in the scheme guidelines. Income limit: As per the scheme's eligibility norms for economically weaker sections. Other conditions: UP domicile; enrolment in the identified target examination preparation; registration on the Abhyudaya portal; regular attendance in the free coaching classes Not eligible: Registration is free - no fee should be paid to any agent; benefits lapse with poor attendance"
"SC-STU-015","Uttar Pradesh Mukhyamantri Abhyudaya Yojana (free coaching for competitive examinations)","SC & ST","State","Uttar Pradesh","What benefits/amount does Uttar Pradesh Mukhyamantri Abhyudaya Yojana (free coaching for competitive examinations) give?","Free offline and online coaching with study material, mock tests and guidance by serving officers, removing the cost barrier of private coaching Headline value: 100% free coaching in all 75 districts plus free study material and online classes; some components provide a stipend/allowance for candidates Funding pattern: State Government budget (State Sector Scheme; some state schemes also carry a central share)."
"SC-STU-015","Uttar Pradesh Mukhyamantri Abhyudaya Yojana (free coaching for competitive examinations)","SC & ST","State","Uttar Pradesh","How do I apply for Uttar Pradesh Mukhyamantri Abhyudaya Yojana (free coaching for competitive examinations)?","Application mode: Online registration on the Abhyudaya portal; free of cost. Portal: https://abhyuday.up.gov.in. Documents needed: UP domicile; Aadhaar; educational qualification proof; category certificate (SC/ST) where applicable; bank account for stipend components. Helpline: District office of the nodal department listed under the application portal."
"SC-STU-016","Bihar Student Credit Card Scheme","SC & ST","State","Bihar","What is Bihar Student Credit Card Scheme (BSCC)?","Bihar Student Credit Card Scheme is a SC & ST scheme of Education Department, Government of Bihar (with the Planning and Development Department), implemented at the state level in Bihar. Type: State Sector credit scheme. Launched: 2016-17. Status: Active. It aims to help Students of Bihar, including SC/ST students, pursuing higher education after Class 12. Benefit: Education loan on easy terms with the State paying interest during the study period and offering repayment support, so that no student is denied education for want of money"
"SC-STU-016","Bihar Student Credit Card Scheme","SC & ST","State","Bihar","Who is eligible for Bihar Student Credit Card Scheme?","Target group: Students of Bihar, including SC/ST students, pursuing higher education after Class 12. Beneficiary type: Student. Age: Up to 25 years. Income limit: No family income ceiling for the scheme. Other conditions: Bihar resident; passed Class 12; admission to a recognised higher-education course (general, technical or professional) in Bihar or outside; not a defaulter Not eligible: Only one loan per student; course must be recognised; repayment responsibility shared between the student and the State"
"SC-STU-016","Bihar Student Credit Card Scheme","SC & ST","State","Bihar","What benefits/amount does Bihar Student Credit Card Scheme give?","Education loan on easy terms with the State paying interest during the study period and offering repayment support, so that no student is denied education for want of money Headline value: Loan up to Rs 4,00,000 per student for tuition and other expenses; simple interest of about 4% per annum; 50% of the interest paid by the State; if the loan and interest are repaid on time, the State pays half of the principal back; repayment over 7 years after the moratorium Funding pattern: State Government (interest support and repayment incentive) with bank credit."
"SC-STU-016","Bihar Student Credit Card Scheme","SC & ST","State","Bihar","How do I apply for Bihar Student Credit Card Scheme?","Application mode: Online application through the State's Student Credit Card portal, then district-level processing. Portal: https://www.7nishchayyuvaup.gov.in / Bihar Student Credit Card portal. Documents needed: Class 12 marksheet; admission letter/fee structure; Aadhaar; residence proof; bank account; caste certificate for SC/ST records; photographs. Helpline: Bihar Student Credit Card helpline; DRCC district offices."
"SC-STU-017","Rajasthan Post-Matric Scholarship and fee concession for SC/ST students (SJE)","SC & ST","State","Rajasthan","What is Rajasthan Post-Matric Scholarship and fee concession for SC/ST students (SJE) (Rajasthan SJE PMS)?","Rajasthan Post-Matric Scholarship and fee concession for SC/ST students (SJE) is a SC & ST scheme of Social Justice and Empowerment Department, Government of Rajasthan, implemented at the state level in Rajasthan. Type: State Sector + Centrally Sponsored. Launched: Not specified. Status: Active. It aims to help SC/ST students from Class 11 to PG and professional courses in Rajasthan. Benefit: Maintenance allowance plus fee reimbursement (with State top-ups) for SC/ST students continuing after Class 10"
"SC-STU-017","Rajasthan Post-Matric Scholarship and fee concession for SC/ST students (SJE)","SC & ST","State","Rajasthan","Who is eligible for Rajasthan Post-Matric Scholarship and fee concession for SC/ST students (SJE)?","Target group: SC/ST students from Class 11 to PG and professional courses in Rajasthan. Beneficiary type: Student. Age: Not specified in the scheme guidelines. Income limit: Family annual income up to Rs 2,50,000 for SC/ST (as per central norms). Other conditions: Rajasthan domicile; regular course in a recognised institution; caste and income certificates; attendance conditions Not eligible: Students in unrecognised institutions or drawing another scholarship for the same course"
"SC-STU-017","Rajasthan Post-Matric Scholarship and fee concession for SC/ST students (SJE)","SC & ST","State","Rajasthan","What benefits/amount does Rajasthan Post-Matric Scholarship and fee concession for SC/ST students (SJE) give?","Maintenance allowance plus fee reimbursement (with State top-ups) for SC/ST students continuing after Class 10 Headline value: Maintenance allowance of Rs 230-1,200 per month by course/hostel status plus full compulsory fees; State top-ups on central rates as notified Funding pattern: State Government budget (State Sector Scheme; some state schemes also carry a central share)."
"SC-STU-017","Rajasthan Post-Matric Scholarship and fee concession for SC/ST students (SJE)","SC & ST","State","Rajasthan","How do I apply for Rajasthan Post-Matric Scholarship and fee concession for SC/ST students (SJE)?","Application mode: Online through the SJE Rajasthan scholarship portal. Portal: https://sje.rajasthan.gov.in. Documents needed: Caste certificate; income certificate; Aadhaar; bank account; marksheets; institution verification; Jan Aadhaar. Helpline: District office of the nodal department listed under the application portal."
"SC-STU-018","Odisha Post-Matric Scholarship and Green Passage style fee support for SC/ST students","SC & ST","State","Odisha","What is Odisha Post-Matric Scholarship and Green Passage style fee support for SC/ST students (Odisha PMS (SC/ST))?","Odisha Post-Matric Scholarship and Green Passage style fee support for SC/ST students is a SC & ST scheme of ST and SC Development Department, Government of Odisha, implemented at the state level in Odisha. Type: State Sector + Centrally Sponsored. Launched: Not specified. Status: Active. It aims to help SC and ST students from Class 11 to higher and professional education in Odisha. Benefit: Fee reimbursement with maintenance allowance for SC/ST students, alongside the State's merit scholarship stream (e-Medhabruthi) for higher education"
"SC-STU-018","Odisha Post-Matric Scholarship and Green Passage style fee support for SC/ST students","SC & ST","State","Odisha","Who is eligible for Odisha Post-Matric Scholarship and Green Passage style fee support for SC/ST students?","Target group: SC and ST students from Class 11 to higher and professional education in Odisha. Beneficiary type: Student. Age: Not specified in the scheme guidelines. Income limit: Family annual income up to Rs 2,50,000 for SC/ST. Other conditions: Odisha domicile; regular course in a recognised institution; caste and income certificates; applications through the State student academic management system Not eligible: Students in non-recognised institutions; duplicate scholarship claims"
"SC-STU-018","Odisha Post-Matric Scholarship and Green Passage style fee support for SC/ST students","SC & ST","State","Odisha","What benefits/amount does Odisha Post-Matric Scholarship and Green Passage style fee support for SC/ST students give?","Fee reimbursement with maintenance allowance for SC/ST students, alongside the State's merit scholarship stream (e-Medhabruthi) for higher education Headline value: Maintenance allowance of Rs 230-1,200 per month plus compulsory fees; Odisha also runs merit-based higher-education scholarships for SC/ST students under the State's e-Medhabruthi window Funding pattern: State Government budget (State Sector Scheme; some state schemes also carry a central share)."
"SC-STU-018","Odisha Post-Matric Scholarship and Green Passage style fee support for SC/ST students","SC & ST","State","Odisha","How do I apply for Odisha Post-Matric Scholarship and Green Passage style fee support for SC/ST students?","Application mode: Online through the Odisha State scholarship portal (SAMS). Portal: https://scholarship.odisha.gov.in. Documents needed: Caste certificate; income certificate; Aadhaar; bank account; marksheets; institution certificate. Helpline: District office of the nodal department listed under the application portal."
"SC-STU-019","Gujarat Digital Gujarat Scholarship for SC/ST students (pre-matric, post-matric and higher education)","SC & ST","State","Gujarat","What is Gujarat Digital Gujarat Scholarship for SC/ST students (pre-matric, post-matric and higher education) (Digital Gujarat (SC/ST))?","Gujarat Digital Gujarat Scholarship for SC/ST students (pre-matric, post-matric and higher education) is a SC & ST scheme of Social Justice and Empowerment Department / Tribal Development Department, Government of Gujarat, implemented at the state level in Gujarat. Type: State Sector + Centrally Sponsored. Launched: Not specified. Status: Active. It aims to help SC and ST students from Class 1 to higher education in Gujarat. Benefit: Scholarships, maintenance allowance and fee support for SC/ST students at school and college level"
"SC-STU-019","Gujarat Digital Gujarat Scholarship for SC/ST students (pre-matric, post-matric and higher education)","SC & ST","State","Gujarat","Who is eligible for Gujarat Digital Gujarat Scholarship for SC/ST students (pre-matric, post-matric and higher education)?","Target group: SC and ST students from Class 1 to higher education in Gujarat. Beneficiary type: Student. Age: Not specified in the scheme guidelines. Income limit: Family annual income limits vary by class - lower ceilings for classes 1-8 and up to about Rs 2,50,000 for post-matric SC/ST students. Other conditions: Gujarat domicile; regular course in a recognised institution; caste and income certificates; application through the Digital Gujarat portal Not eligible: Students studying in non-recognised institutions; more than the permitted number of children per family in some components"
"SC-STU-019","Gujarat Digital Gujarat Scholarship for SC/ST students (pre-matric, post-matric and higher education)","SC & ST","State","Gujarat","What benefits/amount does Gujarat Digital Gujarat Scholarship for SC/ST students (pre-matric, post-matric and higher education) give?","Scholarships, maintenance allowance and fee support for SC/ST students at school and college level Headline value: Pre-matric and post-matric scholarships as per State rates (maintenance of about Rs 230-1,200 per month for post-matric plus fees); additional State schemes for girls provide higher support Funding pattern: State Government budget (State Sector Scheme; some state schemes also carry a central share)."
"SC-STU-019","Gujarat Digital Gujarat Scholarship for SC/ST students (pre-matric, post-matric and higher education)","SC & ST","State","Gujarat","How do I apply for Gujarat Digital Gujarat Scholarship for SC/ST students (pre-matric, post-matric and higher education)?","Application mode: Online only through Digital Gujarat. Portal: https://www.digitalgujarat.gov.in. Documents needed: Caste certificate; income certificate; Aadhaar-linked bank account; marksheets; institution certificate; domicile. Helpline: District office of the nodal department listed under the application portal."
"SC-STU-020","Punjab Post-Matric Scholarship for SC students (State window through NSP)","SC","State","Punjab","What is Punjab Post-Matric Scholarship for SC students (State window through NSP) (Punjab PMS-SC)?","Punjab Post-Matric Scholarship for SC students (State window through NSP) is a SC scheme of Department of Social Justice, Empowerment and Minorities, Government of Punjab, implemented at the state level in Punjab. Type: State Sector + Centrally Sponsored. Launched: Not specified. Status: Active. It aims to help SC students of Punjab studying after Class 10, including professional courses. Benefit: Maintenance allowance and fee reimbursement for SC students, with Punjab also running its own fee-waiver/post-matric top-up schemes"
"SC-STU-020","Punjab Post-Matric Scholarship for SC students (State window through NSP)","SC","State","Punjab","Who is eligible for Punjab Post-Matric Scholarship for SC students (State window through NSP)?","Target group: SC students of Punjab studying after Class 10, including professional courses. Beneficiary type: Student. Age: Not specified in the scheme guidelines. Income limit: Family annual income up to Rs 2,50,000. Other conditions: Punjab domicile; regular course in a recognised institution; caste and income certificates; application on the National Scholarship Portal Not eligible: Students in unrecognised institutions or holding another central scholarship"
"SC-STU-020","Punjab Post-Matric Scholarship for SC students (State window through NSP)","SC","State","Punjab","What benefits/amount does Punjab Post-Matric Scholarship for SC students (State window through NSP) give?","Maintenance allowance and fee reimbursement for SC students, with Punjab also running its own fee-waiver/post-matric top-up schemes Headline value: Maintenance allowance of Rs 230-1,200 per month plus compulsory fees as per central norms, with State top-ups as notified from time to time Funding pattern: State Government budget (State Sector Scheme; some state schemes also carry a central share)."
"SC-STU-020","Punjab Post-Matric Scholarship for SC students (State window through NSP)","SC","State","Punjab","How do I apply for Punjab Post-Matric Scholarship for SC students (State window through NSP)?","Application mode: Online through the National Scholarship Portal (Punjab state scheme window). Portal: https://scholarships.gov.in. Documents needed: Caste certificate; income certificate; Aadhaar; bank account; marksheets; institution verification. Helpline: District office of the nodal department listed under the application portal."
"SC-STU-021","Madhya Pradesh Mukhyamantri Jankalyan / SC-ST scholarship support and Pratibha Kiran for girls","SC & ST","State","Madhya Pradesh","What is Madhya Pradesh Mukhyamantri Jankalyan / SC-ST scholarship support and Pratibha Kiran for girls (MP SC/ST student support)?","Madhya Pradesh Mukhyamantri Jankalyan / SC-ST scholarship support and Pratibha Kiran for girls is a SC & ST scheme of Department of Social Justice, Government of Madhya Pradesh, implemented at the state level in Madhya Pradesh. Type: State Sector + Centrally Sponsored. Launched: Not specified. Status: Active. It aims to help SC/ST students in school and higher education; girl students from weaker sections under Pratibha Kiran. Benefit: Scholarships with maintenance and fee support for SC/ST students, plus special monthly support for girls from poor families to continue education"
"SC-STU-021","Madhya Pradesh Mukhyamantri Jankalyan / SC-ST scholarship support and Pratibha Kiran for girls","SC & ST","State","Madhya Pradesh","Who is eligible for Madhya Pradesh Mukhyamantri Jankalyan / SC-ST scholarship support and Pratibha Kiran for girls?","Target group: SC/ST students in school and higher education; girl students from weaker sections under Pratibha Kiran. Beneficiary type: Student; Woman. Age: Not specified in the scheme guidelines. Income limit: Family annual income up to Rs 2,50,000 for SC/ST scholarships; separate (lower) ceilings for some girl-focused components. Other conditions: MP domicile; recognised institution; caste and income certificates; for girl-focused schemes, city/urban poor criteria apply Not eligible: Duplicate scholarship claims; non-recognised institutions"
"SC-STU-021","Madhya Pradesh Mukhyamantri Jankalyan / SC-ST scholarship support and Pratibha Kiran for girls","SC & ST","State","Madhya Pradesh","What benefits/amount does Madhya Pradesh Mukhyamantri Jankalyan / SC-ST scholarship support and Pratibha Kiran for girls give?","Scholarships with maintenance and fee support for SC/ST students, plus special monthly support for girls from poor families to continue education Headline value: SC/ST post-matric maintenance of Rs 230-1,200 per month plus fees; Pratibha Kiran provides about Rs 500 per month (with higher slabs for some categories) to eligible girl students Funding pattern: State Government budget (State Sector Scheme; some state schemes also carry a central share)."
"SC-STU-021","Madhya Pradesh Mukhyamantri Jankalyan / SC-ST scholarship support and Pratibha Kiran for girls","SC & ST","State","Madhya Pradesh","How do I apply for Madhya Pradesh Mukhyamantri Jankalyan / SC-ST scholarship support and Pratibha Kiran for girls?","Application mode: Online through the MP scholarship portal. Portal: https://scholarshipportal.mp.nic.in. Documents needed: Caste certificate; income certificate; Aadhaar; bank account; marksheets; institution verification. Helpline: District office of the nodal department listed under the application portal."
"SC-STU-022","Delhi SC/ST students - Delhi Scholarship (Dr. Ambedkar scheme window) and free coaching support","SC & ST","State","Delhi","What is Delhi SC/ST students - Delhi Scholarship (Dr. Ambedkar scheme window) and free coaching support (Delhi SC/ST student support)?","Delhi SC/ST students - Delhi Scholarship (Dr. Ambedkar scheme window) and free coaching support is a SC & ST scheme of Department of Social Welfare, Government of NCT of Delhi, implemented at the state level in Delhi. Type: State Sector + Centrally Sponsored. Launched: Not specified. Status: Active. It aims to help SC/ST students domiciled in Delhi from pre-matric to higher education, and aspirants for competitive examinations. Benefit: Pre-matric/post-matric scholarships plus free coaching and hostel support for SC/ST students of Delhi, including those preparing for competitive examinations"
"SC-STU-022","Delhi SC/ST students - Delhi Scholarship (Dr. Ambedkar scheme window) and free coaching support","SC & ST","State","Delhi","Who is eligible for Delhi SC/ST students - Delhi Scholarship (Dr. Ambedkar scheme window) and free coaching support?","Target group: SC/ST students domiciled in Delhi from pre-matric to higher education, and aspirants for competitive examinations. Beneficiary type: Student. Age: Not specified in the scheme guidelines. Income limit: Family annual income up to Rs 2,50,000 for SC/ST post-matric scholarships (pre-matric and coaching components have their own norms). Other conditions: Delhi domicile; recognised institution; caste and income certificates; separate application for the coaching component through the Department's scheme Not eligible: Students in unrecognised institutions; one scholarship per course"
"SC-STU-022","Delhi SC/ST students - Delhi Scholarship (Dr. Ambedkar scheme window) and free coaching support","SC & ST","State","Delhi","What benefits/amount does Delhi SC/ST students - Delhi Scholarship (Dr. Ambedkar scheme window) and free coaching support give?","Pre-matric/post-matric scholarships plus free coaching and hostel support for SC/ST students of Delhi, including those preparing for competitive examinations Headline value: Scholarship rates as per the NSP/e-District windows (maintenance Rs 230-1,200 per month plus fees); coaching support pays the empanelled institute's fees for eligible students Funding pattern: State Government budget (State Sector Scheme; some state schemes also carry a central share)."
"SC-STU-022","Delhi SC/ST students - Delhi Scholarship (Dr. Ambedkar scheme window) and free coaching support","SC & ST","State","Delhi","How do I apply for Delhi SC/ST students - Delhi Scholarship (Dr. Ambedkar scheme window) and free coaching support?","Application mode: Online through the National Scholarship Portal (Delhi state window) and the Department for coaching schemes. Portal: https://scholarships.gov.in / https://socialwelfare.delhi.gov.in. Documents needed: Caste certificate; income certificate; Delhi domicile; Aadhaar; bank account; marksheets; institution verification. Helpline: District office of the nodal department listed under the application portal."
"SC-STU-023","Jharkhand SC/ST Post-Matric Scholarship and pre-matric support (e-Kalyan)","SC & ST","State","Jharkhand","What is Jharkhand SC/ST Post-Matric Scholarship and pre-matric support (e-Kalyan) (Jharkhand e-Kalyan)?","Jharkhand SC/ST Post-Matric Scholarship and pre-matric support (e-Kalyan) is a SC & ST scheme of Department of Welfare, Government of Jharkhand, implemented at the state level in Jharkhand. Type: State Sector + Centrally Sponsored. Launched: Not specified. Status: Active. It aims to help SC, ST and OBC students of Jharkhand from Class 9 to higher education. Benefit: Pre-matric and post-matric scholarships with maintenance allowance and fee support"
"SC-STU-023","Jharkhand SC/ST Post-Matric Scholarship and pre-matric support (e-Kalyan)","SC & ST","State","Jharkhand","Who is eligible for Jharkhand SC/ST Post-Matric Scholarship and pre-matric support (e-Kalyan)?","Target group: SC, ST and OBC students of Jharkhand from Class 9 to higher education. Beneficiary type: Student. Age: Not specified in the scheme guidelines. Income limit: Family annual income up to Rs 2,50,000 for SC/ST (income proof through the State's certificate system). Other conditions: Jharkhand domicile; regular course in a recognised institution; application on e-Kalyan with institute verification Not eligible: Students in unrecognised institutions; duplicate claims"
"SC-STU-023","Jharkhand SC/ST Post-Matric Scholarship and pre-matric support (e-Kalyan)","SC & ST","State","Jharkhand","What benefits/amount does Jharkhand SC/ST Post-Matric Scholarship and pre-matric support (e-Kalyan) give?","Pre-matric and post-matric scholarships with maintenance allowance and fee support Headline value: Maintenance allowance of Rs 230-1,200 per month plus compulsory fees as per the applicable norms; State top-ups notified from time to time Funding pattern: State Government budget (State Sector Scheme; some state schemes also carry a central share)."
"SC-STU-023","Jharkhand SC/ST Post-Matric Scholarship and pre-matric support (e-Kalyan)","SC & ST","State","Jharkhand","How do I apply for Jharkhand SC/ST Post-Matric Scholarship and pre-matric support (e-Kalyan)?","Application mode: Online through the Jharkhand e-Kalyan portal. Portal: https://ekalyan.cgg.gov.in. Documents needed: Caste certificate; income certificate; Aadhaar; bank account; marksheets; institution verification; domicile. Helpline: District office of the nodal department listed under the application portal."
"SC-STU-024","Kerala SC/ST student support - post-matric scholarship, fee concession and hostels (e-grantz)","SC & ST","State","Kerala","What is Kerala SC/ST student support - post-matric scholarship, fee concession and hostels (e-grantz) (Kerala e-grantz)?","Kerala SC/ST student support - post-matric scholarship, fee concession and hostels (e-grantz) is a SC & ST scheme of Department of Scheduled Castes and Scheduled Tribes Development, Government of Kerala, implemented at the state level in Kerala. Type: State Sector + Centrally Sponsored. Launched: Not specified. Status: Active. It aims to help SC/ST students of Kerala in school, higher secondary, degree, professional and PG courses. Benefit: Scholarship, full fee concession, hostel and maintenance support for SC/ST students from school to professional courses"
"SC-STU-024","Kerala SC/ST student support - post-matric scholarship, fee concession and hostels (e-grantz)","SC & ST","State","Kerala","Who is eligible for Kerala SC/ST student support - post-matric scholarship, fee concession and hostels (e-grantz)?","Target group: SC/ST students of Kerala in school, higher secondary, degree, professional and PG courses. Beneficiary type: Student. Age: Not specified in the scheme guidelines. Income limit: As per State norms (generally the central ceiling of Rs 2,50,000 per annum). Other conditions: Kerala domicile; recognised course and institution; applications routed through the institution on e-grantz Not eligible: Students in non-recognised institutions; duplicate scholarship claims"
"SC-STU-024","Kerala SC/ST student support - post-matric scholarship, fee concession and hostels (e-grantz)","SC & ST","State","Kerala","What benefits/amount does Kerala SC/ST student support - post-matric scholarship, fee concession and hostels (e-grantz) give?","Scholarship, full fee concession, hostel and maintenance support for SC/ST students from school to professional courses Headline value: Scholarship/maintenance as fixed by the State plus complete fee concession for SC/ST students in government/aided institutions; additional State support for hostels and study materials Funding pattern: State Government budget (State Sector Scheme; some state schemes also carry a central share)."
"SC-STU-024","Kerala SC/ST student support - post-matric scholarship, fee concession and hostels (e-grantz)","SC & ST","State","Kerala","How do I apply for Kerala SC/ST student support - post-matric scholarship, fee concession and hostels (e-grantz)?","Application mode: Online through the Kerala e-grantz portal; institutions verify and forward. Portal: https://egrantz.kerala.gov.in. Documents needed: Caste certificate; income certificate; Aadhaar; bank account; marksheets; institution verification. Helpline: District office of the nodal department listed under the application portal."
"SC-STU-025","Himachal Pradesh SC/ST student support - post-matric scholarship, hostels and pre-examination coaching","SC & ST","State","Himachal Pradesh","What is Himachal Pradesh SC/ST student support - post-matric scholarship, hostels and pre-examination coaching (HP SC/ST student support)?","Himachal Pradesh SC/ST student support - post-matric scholarship, hostels and pre-examination coaching is a SC & ST scheme of Department of Social Justice and Empowerment, Government of Himachal Pradesh, implemented at the state level in Himachal Pradesh. Type: State Sector + Centrally Sponsored. Launched: Not specified. Status: Active. It aims to help SC/ST students of Himachal Pradesh at school and college level, and aspirants for competitive examinations. Benefit: Post-matric scholarships, hostel facilities and free pre-examination coaching for SC/ST students in Himachal Pradesh"
"SC-STU-025","Himachal Pradesh SC/ST student support - post-matric scholarship, hostels and pre-examination coaching","SC & ST","State","Himachal Pradesh","Who is eligible for Himachal Pradesh SC/ST student support - post-matric scholarship, hostels and pre-examination coaching?","Target group: SC/ST students of Himachal Pradesh at school and college level, and aspirants for competitive examinations. Beneficiary type: Student. Age: Not specified in the scheme guidelines. Income limit: Family annual income up to Rs 2,50,000 for post-matric scholarships (other components have their own norms). Other conditions: HP domicile; recognised institution; separate application for pre-examination coaching and hostel facilities through the department Not eligible: Non-recognised institutions; duplicate scholarships"
"SC-STU-025","Himachal Pradesh SC/ST student support - post-matric scholarship, hostels and pre-examination coaching","SC & ST","State","Himachal Pradesh","What benefits/amount does Himachal Pradesh SC/ST student support - post-matric scholarship, hostels and pre-examination coaching give?","Post-matric scholarships, hostel facilities and free pre-examination coaching for SC/ST students in Himachal Pradesh Headline value: Maintenance allowance of Rs 230-1,200 per month plus fees as per norms; pre-examination coaching is provided free of cost with a stipend where sanctioned Funding pattern: State Government budget (State Sector Scheme; some state schemes also carry a central share)."
"SC-STU-025","Himachal Pradesh SC/ST student support - post-matric scholarship, hostels and pre-examination coaching","SC & ST","State","Himachal Pradesh","How do I apply for Himachal Pradesh SC/ST student support - post-matric scholarship, hostels and pre-examination coaching?","Application mode: Online through the National Scholarship Portal (HP window) and the department for coaching/hostel components. Portal: https://scholarships.gov.in / https://hpscstcorporation.in. Documents needed: Caste certificate; income certificate; Aadhaar; bank account; marksheets; institution verification; HP bonafide. Helpline: District office of the nodal department listed under the application portal."
